-- MySQL dump 10.13  Distrib 8.0.34, for macos13 (arm64)
--
-- Host: localhost    Database: misa_web05_cukcuk_db
-- ------------------------------------------------------
-- Server version	8.0.34

/*!40101 SET @OLD_CHARACTER_SET_CLIENT=@@CHARACTER_SET_CLIENT */;
/*!40101 SET @OLD_CHARACTER_SET_RESULTS=@@CHARACTER_SET_RESULTS */;
/*!40101 SET @OLD_COLLATION_CONNECTION=@@COLLATION_CONNECTION */;
/*!50503 SET NAMES utf8 */;
/*!40103 SET @OLD_TIME_ZONE=@@TIME_ZONE */;
/*!40103 SET TIME_ZONE='+00:00' */;
/*!40014 SET @OLD_UNIQUE_CHECKS=@@UNIQUE_CHECKS, UNIQUE_CHECKS=0 */;
/*!40014 SET @OLD_FOREIGN_KEY_CHECKS=@@FOREIGN_KEY_CHECKS, FOREIGN_KEY_CHECKS=0 */;
/*!40101 SET @OLD_SQL_MODE=@@SQL_MODE, SQL_MODE='NO_AUTO_VALUE_ON_ZERO' */;
/*!40111 SET @OLD_SQL_NOTES=@@SQL_NOTES, SQL_NOTES=0 */;

--
-- Table structure for table `cookroom`
--

DROP TABLE IF EXISTS `cookroom`;
/*!40101 SET @saved_cs_client     = @@character_set_client */;
/*!50503 SET character_set_client = utf8mb4 */;
CREATE TABLE `cookroom` (
  `CookRoomID` char(36) NOT NULL DEFAULT '' COMMENT 'ID nơi chế biến',
  `CookRoomName` varchar(255) DEFAULT NULL COMMENT 'Tên nơi chế biến',
  `CreatedBy` varchar(255) DEFAULT NULL COMMENT 'Người tạo',
  `CreatedDate` datetime DEFAULT NULL COMMENT 'Ngày tạo',
  `ModifiedBy` varchar(255) DEFAULT NULL COMMENT 'Người sửa',
  `ModifiedDate` datetime DEFAULT NULL COMMENT 'Ngày sửa',
  `CookRoomDescription` text COMMENT 'Mô tả nơi nấu',
  PRIMARY KEY (`CookRoomID`)
) ENGINE=InnoDB DEFAULT CHARSET=utf8mb4 COLLATE=utf8mb4_0900_ai_ci AVG_ROW_LENGTH=5461 COMMENT='Bảng nơi chế biến';
/*!40101 SET character_set_client = @saved_cs_client */;

--
-- Dumping data for table `cookroom`
--

LOCK TABLES `cookroom` WRITE;
/*!40000 ALTER TABLE `cookroom` DISABLE KEYS */;
INSERT INTO `cookroom` VALUES ('142cb08f-7c31-21fa-8e90-67245e8b283e','Bếp Khói','Nguyễn Anh Quân','1970-01-01 00:07:13','Nguyễn Anh Quân','1970-01-01 00:00:04',NULL),('1903f7b3-46eb-4e02-a1ef-e8a5222ff8e6','Bếp Tàn Tạ','Nguyễn Anh Quân','2023-08-31 11:07:44','Nguyễn Anh Quân','2023-08-31 11:07:44',NULL),('469b3ece-744a-45d5-957d-e8c757976496','Bếp Gia Đình','Nguyễn Anh Quân','1983-10-06 11:10:01','Nguyễn Anh Quân','2011-09-23 23:35:08',NULL),('4e272fc4-7875-78d6-7d32-6a1673ffca7c','Bếp hoàng gia','Nguyễn Anh Quân','1973-04-07 09:51:39','Nguyễn Anh Quân','1970-01-01 00:00:08',NULL);
/*!40000 ALTER TABLE `cookroom` ENABLE KEYS */;
UNLOCK TABLES;

--
-- Table structure for table `food`
--

DROP TABLE IF EXISTS `food`;
/*!40101 SET @saved_cs_client     = @@character_set_client */;
/*!50503 SET character_set_client = utf8mb4 */;
CREATE TABLE `food` (
  `FoodID` char(36) NOT NULL DEFAULT '' COMMENT 'ID món ăn',
  `FoodCode` varchar(20) NOT NULL DEFAULT '' COMMENT 'Mã món ăn',
  `FoodName` varchar(255) NOT NULL DEFAULT '' COMMENT 'Tên món ăn',
  `MenuGroupID` char(36) DEFAULT '' COMMENT 'ID nhóm thực đơn',
  `FoodUnitID` char(36) DEFAULT NULL COMMENT 'ID đơn vị tính',
  `CookRoomID` char(36) DEFAULT NULL COMMENT 'ID nơi chế biến',
  `FoodDescription` text COMMENT 'Mô tả món ăn',
  `FoodPrice` decimal(18,4) DEFAULT NULL COMMENT 'Giá bán',
  `FoodImageID` varchar(255) DEFAULT NULL COMMENT 'Tên ảnh',
  `FoodCost` decimal(18,4) DEFAULT NULL COMMENT 'Giá vốn',
  `CreatedBy` varchar(255) DEFAULT NULL COMMENT 'Người tạo',
  `CreatedDate` datetime DEFAULT NULL COMMENT 'Ngày tạo',
  `ModifiedBy` varchar(255) DEFAULT NULL COMMENT 'Người sửa',
  `ModifiedDate` datetime DEFAULT NULL COMMENT 'Ngày sửa',
  `ShowOnMenu` smallint DEFAULT NULL COMMENT 'Hiển thị trên menu',
  `StopSelling` smallint DEFAULT NULL COMMENT 'Ngừng bán',
  PRIMARY KEY (`FoodID`),
  UNIQUE KEY `UK_food_FoodCode` (`FoodCode`),
  KEY `IDX_food_FoodName` (`FoodName`),
  KEY `FK_food_CookRoomID` (`CookRoomID`),
  KEY `FK_food_FoodUnitID` (`FoodUnitID`),
  KEY `FK_food_MenuGroupID` (`MenuGroupID`),
  CONSTRAINT `FK_food_CookRoomID` FOREIGN KEY (`CookRoomID`) REFERENCES `cookroom` (`CookRoomID`),
  CONSTRAINT `FK_food_FoodUnitID` FOREIGN KEY (`FoodUnitID`) REFERENCES `foodunit` (`FoodUnitID`),
  CONSTRAINT `FK_food_MenuGroupID` FOREIGN KEY (`MenuGroupID`) REFERENCES `menugroup` (`MenuGroupID`)
) ENGINE=InnoDB DEFAULT CHARSET=utf8mb4 COLLATE=utf8mb4_0900_ai_ci AVG_ROW_LENGTH=366 COMMENT='Bảng danh sách món ăn';
/*!40101 SET character_set_client = @saved_cs_client */;

--
-- Dumping data for table `food`
--

LOCK TABLES `food` WRITE;
/*!40000 ALTER TABLE `food` DISABLE KEYS */;
INSERT INTO `food` VALUES ('001a9eb4-2f9b-4df7-9162-2dd2443e369f','OMTX','Ốc móng tay xào','27f91d6c-14b1-6c74-92ef-c9d5c2d91e91','6827e1c0-5b98-6d19-831b-27d9d367aeb0',NULL,NULL,15000.0000,NULL,10000.0000,'Nguyễn Anh Quân','2023-04-28 21:49:54','Nguyễn Anh Quân','2023-04-28 21:49:54',0,0),('00335b70-b5d7-48ab-9ded-8350d9ca214c','CNCC8','Canh ngao cà chua','30007451-29ff-4fe4-3707-70859f4ff30d','3650c04e-62b1-6908-5598-ae38c5379e4b','469b3ece-744a-45d5-957d-e8c757976496',NULL,50000.0000,NULL,50000.0000,'Nguyễn Anh Quân','2023-05-03 08:17:11','Nguyễn Anh Quân','2023-05-03 08:17:11',1,0),('0272705a-ef0d-468b-bfaa-602bfd261f85','LAUCA','Lẩu cá',NULL,'1f60e54f-196f-45f3-5498-ae38c5379e4b',NULL,NULL,10000.0000,'969c1abe-e297-4716-bb84-0130ed87d5eb.jpg',20000.0000,'Nguyễn Anh Quân','2023-05-03 08:15:09','Nguyễn Anh Quân','2023-05-03 08:15:09',0,0),('0359c827-fc83-4e5e-9c07-a5c9520b9f1d','COMGA','Cơm gà ',NULL,'6827e1c0-5b98-6d19-831b-27d9d367aeb0',NULL,NULL,20000.0000,NULL,0.0000,'Nguyễn Anh Quân','2023-04-29 00:01:12','Nguyễn Anh Quân','2023-04-29 00:01:12',0,0),('03a4e720-665f-4299-bae8-ad401f969245','XL','Xôi lạc ',NULL,'3650c04e-62b1-6908-5598-ae38c5379e4b',NULL,NULL,20000.0000,NULL,10000.0000,'Nguyễn Anh Quân','2023-05-02 09:27:59','Nguyễn Anh Quân','2023-05-02 09:27:59',0,0),('04a14b72-6c8f-445c-a99f-b2741d036b23','MDNT','Mướp đắng nhồi thịt',NULL,'6827e1c0-5b98-6d19-831b-27d9d367aeb0',NULL,NULL,10000.0000,NULL,5000.0000,'Nguyễn Anh Quân','2023-04-28 21:40:57','Nguyễn Anh Quân','2023-04-28 21:40:57',0,0),('04a82edb-538c-439c-bb53-6bc6f95cf93e','QR','Quẩy rán',NULL,'6827e1c0-5b98-6d19-831b-27d9d367aeb0',NULL,NULL,20000.0000,NULL,10000.0000,'Nguyễn Anh Quân','2023-05-01 18:57:01','Nguyễn Anh Quân','2023-05-01 18:57:01',0,0),('04cd667a-c96e-4918-96ec-c7d36599122a','CCHB','Cá chép hấp bia',NULL,'3650c04e-62b1-6908-5598-ae38c5379e4b',NULL,NULL,300000.0000,NULL,0.0000,'Nguyễn Anh Quân','2023-04-29 23:43:59','Nguyễn Anh Quân','2023-04-29 23:43:59',0,0),('0560d831-6790-4cf0-a293-094fab641456','CKT12','Cá kho tộ','3e39129b-279f-623f-88ea-778aee59fea3','6827e1c0-5b98-6d19-831b-27d9d367aeb0',NULL,NULL,200000.0000,NULL,14000.0000,'Nguyễn Anh Quân','2023-05-03 08:10:39','Nguyễn Anh Quân','2023-05-03 08:10:39',0,0),('057fb182-00ea-469b-a825-55562217e455','TRLC15','Tôm rang lá chanh','6528b15d-6674-724f-79a4-4b24de418577','6827e1c0-5b98-6d19-831b-27d9d367aeb0','142cb08f-7c31-21fa-8e90-67245e8b283e',NULL,50000.0000,NULL,50000.0000,'Nguyễn Anh Quân','2023-05-03 08:18:10','Nguyễn Anh Quân','2023-05-03 08:18:10',1,0),('05c3e6f2-e3e9-4844-9ad7-0f82fa2b6046','ECHXAOMANGCHUA','Ếch xào măng chua','34e2b4cc-3758-293d-7aa4-4b24de418577','3650c04e-62b1-6908-5598-ae38c5379e4b','469b3ece-744a-45d5-957d-e8c757976496',NULL,20000.0000,'aabf311a-6f8b-4ab3-a0ce-8c58620ce116.jpg',0.0000,'Nguyễn Anh Quân','2023-05-03 08:14:25','Nguyễn Anh Quân','2023-05-03 08:14:25',0,0),('060e4ac3-1d55-443c-85e4-581cd161d708','PCHN','Phở cuốn Hà Nội','3e39129b-279f-623f-88ea-778aee59fea3','6827e1c0-5b98-6d19-831b-27d9d367aeb0','469b3ece-744a-45d5-957d-e8c757976496',NULL,40000.0000,'b1e8a59e-2abf-421c-820a-ba27bb7ec5e0.jpg',20000.0000,'Nguyễn Anh Quân','2023-05-09 12:56:49','Nguyễn Anh Quân','2023-05-09 12:56:49',1,0),('064f5c44-a062-4832-bed3-b9898c7bbcc7','CUTLUOC','Cút luộc','3e39129b-279f-623f-88ea-778aee59fea3','6827e1c0-5b98-6d19-831b-27d9d367aeb0',NULL,NULL,20000.0000,NULL,13000.0000,'Nguyễn Anh Quân','2023-05-03 08:15:46','Nguyễn Anh Quân','2023-05-03 08:15:46',0,0),('072587d3-14a9-4306-a969-13470c8acf2b','CLXM15','Cút lộn xào me','27f91d6c-14b1-6c74-92ef-c9d5c2d91e91','6827e1c0-5b98-6d19-831b-27d9d367aeb0','142cb08f-7c31-21fa-8e90-67245e8b283e',NULL,50000.0000,NULL,50000.0000,'Nguyễn Anh Quân','2023-05-03 08:17:47','Nguyễn Anh Quân','2023-05-03 08:17:47',1,0),('07715544-ad07-4f27-a54c-29aebaa6efe1','DDX','Đu đủ xào','27f91d6c-14b1-6c74-92ef-c9d5c2d91e91','6827e1c0-5b98-6d19-831b-27d9d367aeb0',NULL,NULL,10000.0000,NULL,0.0000,'Nguyễn Anh Quân','2023-04-29 23:39:04','Nguyễn Anh Quân','2023-04-29 23:39:04',0,0),('07715593-99f6-4a44-a675-1d9603481128','CKT17','Cá kho tộ','3e39129b-279f-623f-88ea-778aee59fea3','6827e1c0-5b98-6d19-831b-27d9d367aeb0',NULL,NULL,200000.0000,NULL,14000.0000,'Nguyễn Anh Quân','2023-05-03 08:17:26','Nguyễn Anh Quân','2023-05-03 08:17:26',0,0),('08c51390-b644-4d71-a589-37464ffe714d','OHH3','Ốc hương hấp',NULL,'3650c04e-62b1-6908-5598-ae38c5379e4b',NULL,NULL,20000.0000,NULL,0.0000,'Nguyễn Anh Quân','2023-05-03 08:09:01','Nguyễn Anh Quân','2023-05-03 08:09:01',0,0),('08c8a96a-c3c9-409c-97af-eebf81bd9043','CRYM17','Cơm rang yến mạch','6528b15d-6674-724f-79a4-4b24de418577','3650c04e-62b1-6908-5598-ae38c5379e4b','469b3ece-744a-45d5-957d-e8c757976496',NULL,50000.0000,NULL,50000.0000,'Nguyễn Anh Quân','2023-05-03 08:12:09','Nguyễn Anh Quân','2023-05-03 08:12:09',1,0),('08fca135-48ed-4ab4-8dfc-2bddbd22f88f','NXT8','Ngô xào tép','27f91d6c-14b1-6c74-92ef-c9d5c2d91e91','13a507d0-342d-6292-6de3-2ceaa9cf3765','142cb08f-7c31-21fa-8e90-67245e8b283e',NULL,20000.0000,NULL,0.0000,'Nguyễn Anh Quân','2023-05-03 08:10:25','Nguyễn Anh Quân','2023-05-03 08:10:25',1,0),('0a7afd37-d732-43b5-ad18-826cbf8ac041','CUM7','Cá ướp muối',NULL,'6827e1c0-5b98-6d19-831b-27d9d367aeb0',NULL,NULL,20000.0000,NULL,0.0000,'Nguyễn Anh Quân','2023-05-03 08:09:27','Nguyễn Anh Quân','2023-05-03 08:09:27',0,0),('0aae458a-eb90-4553-aa30-820381d1d2d7','THITNUONGCHAYTOI','Thịt nướng cháy tỏi','3e39129b-279f-623f-88ea-778aee59fea3','6827e1c0-5b98-6d19-831b-27d9d367aeb0',NULL,NULL,0.0000,NULL,0.0000,'Nguyễn Anh Quân','2023-05-03 08:10:53','Nguyễn Anh Quân','2023-05-03 08:10:53',0,0),('0b31d687-e9f0-4be5-99fa-a75a1d7d0c4f','CNCC','Canh ngao cà chua','30007451-29ff-4fe4-3707-70859f4ff30d','3650c04e-62b1-6908-5598-ae38c5379e4b','469b3ece-744a-45d5-957d-e8c757976496',NULL,50000.0000,NULL,50000.0000,'Nguyễn Anh Quân','2023-04-19 23:40:59','Nguyễn Anh Quân','2023-04-19 23:40:59',1,0),('0b6a7843-a371-444c-929a-59a95230bdb2','CH','Cơm hến',NULL,'3650c04e-62b1-6908-5598-ae38c5379e4b','469b3ece-744a-45d5-957d-e8c757976496',NULL,100000.0000,'bc11c20c-3b3d-4bcc-925f-cae41d5b46a5.jpg',80000.0000,'Nguyễn Anh Quân','2023-05-10 15:14:27','Nguyễn Anh Quân','2023-05-10 15:14:27',0,1),('0b7f7886-716a-418d-8e16-fe1b5d0ab5c0','LMXT14','Lợn mán xào tỏi','6528b15d-6674-724f-79a4-4b24de418577','6827e1c0-5b98-6d19-831b-27d9d367aeb0','4e272fc4-7875-78d6-7d32-6a1673ffca7c','Lợn ngon',20.0000,'6107ae01-be23-4709-9d43-137febc32ad6.jpg',100000.0000,'Nguyễn Anh Quân','2023-05-03 08:14:21','Nguyễn Anh Quân','2023-05-03 08:14:21',1,0),('0d49a6f9-a507-4a17-82c8-add8f287d1fc','CRYM22','Cơm rang yến mạch','6528b15d-6674-724f-79a4-4b24de418577','3650c04e-62b1-6908-5598-ae38c5379e4b','469b3ece-744a-45d5-957d-e8c757976496',NULL,50000.0000,NULL,50000.0000,'Nguyễn Anh Quân','2023-05-03 08:18:14','Nguyễn Anh Quân','2023-05-03 08:18:14',1,0),('0da9eccf-1ce8-48ec-a8f3-d65e2d26265c','CR9','Canh riêu',NULL,'3650c04e-62b1-6908-5598-ae38c5379e4b',NULL,NULL,100000.0000,NULL,80000.0000,'Nguyễn Anh Quân','2023-05-03 08:16:32','Nguyễn Anh Quân','2023-05-03 08:16:32',0,0),('0dd52bd8-ceff-43f4-ab99-75387d0e18f2','CUM','Cá ướp muối',NULL,'6827e1c0-5b98-6d19-831b-27d9d367aeb0',NULL,NULL,20000.0000,NULL,0.0000,'Nguyễn Anh Quân','2023-05-03 08:09:15','Nguyễn Anh Quân','2023-05-03 08:09:15',0,0),('0e3c29e8-073b-4751-b5f0-cd02e469c501','CUM5','Cá ướp muối',NULL,'6827e1c0-5b98-6d19-831b-27d9d367aeb0',NULL,NULL,20000.0000,NULL,0.0000,'Nguyễn Anh Quân','2023-05-03 08:09:23','Nguyễn Anh Quân','2023-05-03 08:09:23',0,0),('0ecf8ed3-ecf6-4b64-82ba-6ff5dfb47ea6','GL20','Gà luộc','3e39129b-279f-623f-88ea-778aee59fea3','3650c04e-62b1-6908-5598-ae38c5379e4b','469b3ece-744a-45d5-957d-e8c757976496',NULL,50000.0000,NULL,50000.0000,'Nguyễn Anh Quân','2023-05-03 08:18:11','Nguyễn Anh Quân','2023-05-03 08:18:11',1,0),('0fb0981a-1de6-4660-9c70-0513900bc362','CAKHOTIEU','Cá kho tiêu','3e39129b-279f-623f-88ea-778aee59fea3','6827e1c0-5b98-6d19-831b-27d9d367aeb0',NULL,NULL,2211111.0000,NULL,230000.0000,'Nguyễn Anh Quân','2023-04-30 23:58:05','Nguyễn Anh Quân','2023-04-30 23:58:05',0,0),('10520bde-b318-4581-b0e0-8a0ef211cd08','DOXAOTOI','Đỗ xào tỏi','27f91d6c-14b1-6c74-92ef-c9d5c2d91e91','6827e1c0-5b98-6d19-831b-27d9d367aeb0','142cb08f-7c31-21fa-8e90-67245e8b283e',NULL,15000.0000,'c8f6c3e9-bc37-40b0-9952-60b242f7e917.jpg',10000.0000,'Nguyễn Anh Quân','2023-05-03 08:14:23','Nguyễn Anh Quân','2023-05-03 08:14:23',0,0),('106207af-dede-4a06-97bf-1a211ee07caf','CUM12','Cá ướp muối',NULL,'6827e1c0-5b98-6d19-831b-27d9d367aeb0',NULL,NULL,20000.0000,NULL,0.0000,'Nguyễn Anh Quân','2023-05-03 08:09:35','Nguyễn Anh Quân','2023-05-03 08:09:35',0,0),('108dc35d-d4d2-4e26-a4d5-7c25ade79116','SOTVANG','Sốt vang','27f91d6c-14b1-6c74-92ef-c9d5c2d91e91','1f60e54f-196f-45f3-5498-ae38c5379e4b',NULL,NULL,50000.0000,NULL,0.0000,'Nguyễn Anh Quân','2023-05-03 08:12:32','Nguyễn Anh Quân','2023-05-03 08:12:32',0,0),('11123fc5-eed5-4751-a140-cabdd23dbdfd','MAMDA','Mầm đá',NULL,'6827e1c0-5b98-6d19-831b-27d9d367aeb0',NULL,NULL,3000000.0000,NULL,1000000.0000,'Nguyễn Anh Quân','2023-05-03 08:13:22','Nguyễn Anh Quân','2023-05-03 08:13:22',0,0),('1155d2eb-aede-4730-bbd3-c02958826c38','CRDB3','Cơm rang dưa bò','6528b15d-6674-724f-79a4-4b24de418577','6827e1c0-5b98-6d19-831b-27d9d367aeb0',NULL,NULL,200000.0000,NULL,200000.0000,'Nguyễn Anh Quân','2023-05-03 08:15:13','Nguyễn Anh Quân','2023-05-03 08:15:13',0,0),('12c2825e-80d4-4576-891e-a9647bbc39bb','MT','Mới Thêm','3e39129b-279f-623f-88ea-778aee59fea3','573a47ac-ae90-4862-a155-5af5f76a2e26',NULL,NULL,120000.0000,NULL,90000.0000,'Nguyễn Anh Quân','2023-08-31 13:33:50','Nguyễn Anh Quân','2023-08-31 13:33:50',0,0),('12e93a26-39b3-4282-825a-90077cb2887b','HSVC14','Hàu sống vắt chanh',NULL,'3650c04e-62b1-6908-5598-ae38c5379e4b',NULL,NULL,200000.0000,NULL,100000.0000,'Nguyễn Anh Quân','2023-05-03 08:15:30','Nguyễn Anh Quân','2023-05-03 08:15:30',0,0),('1316661d-2ce6-48a2-b2fd-d499b145631d','MD','Mầm đá',NULL,'6827e1c0-5b98-6d19-831b-27d9d367aeb0',NULL,NULL,3000000.0000,NULL,1000000.0000,'Nguyễn Anh Quân','2023-05-02 21:04:52','Nguyễn Anh Quân','2023-05-02 21:04:52',0,0),('15099784-74e5-491b-97bb-7277ca784aa7','OCLONXAO','Óc lợn xào','27f91d6c-14b1-6c74-92ef-c9d5c2d91e91','6827e1c0-5b98-6d19-831b-27d9d367aeb0',NULL,NULL,20000.0000,NULL,10000.0000,'Nguyễn Anh Quân','2023-05-03 08:10:58','Nguyễn Anh Quân','2023-05-03 08:10:58',0,0),('15e53040-114b-4797-abef-4719899125df','OLX14','Óc lợn xào','27f91d6c-14b1-6c74-92ef-c9d5c2d91e91','6827e1c0-5b98-6d19-831b-27d9d367aeb0',NULL,NULL,20000.0000,NULL,10000.0000,'Nguyễn Anh Quân','2023-05-03 08:15:15','Nguyễn Anh Quân','2023-05-03 08:15:15',0,0),('16d976fc-457b-45a4-8688-7238cea8d3ca','CR12','Canh riêu',NULL,'3650c04e-62b1-6908-5598-ae38c5379e4b',NULL,NULL,100000.0000,NULL,80000.0000,'Nguyễn Anh Quân','2023-05-03 08:16:34','Nguyễn Anh Quân','2023-05-03 08:16:34',0,0),('17888aff-d08a-4485-836e-2bfc45155dd7','NXT15','Ngô xào tép','27f91d6c-14b1-6c74-92ef-c9d5c2d91e91','13a507d0-342d-6292-6de3-2ceaa9cf3765','142cb08f-7c31-21fa-8e90-67245e8b283e',NULL,20000.0000,NULL,0.0000,'Nguyễn Anh Quân','2023-05-03 08:18:16','Nguyễn Anh Quân','2023-05-03 08:18:16',1,0),('17e57423-398d-4d6a-bcbd-8cb37323b2d7','TDDL4','Trứng đà điểu luộc',NULL,'3650c04e-62b1-6908-5598-ae38c5379e4b',NULL,NULL,400000.0000,NULL,0.0000,'Nguyễn Anh Quân','2023-05-03 08:17:21','Nguyễn Anh Quân','2023-05-03 08:17:21',0,0),('18286458-cf81-4937-b204-a50a04bbc3f5','MN10','Mực nướng',NULL,'6827e1c0-5b98-6d19-831b-27d9d367aeb0',NULL,NULL,300000.0000,'f62985ea-318b-48aa-90df-348b44855085.jpg',20000.0000,'Nguyễn Anh Quân','2023-05-03 08:15:26','Nguyễn Anh Quân','2023-05-03 08:15:26',0,0),('18431595-37f9-4d62-8b5f-a5f9dda9f5a4','CARORAN','Cá rô rán ','6528b15d-6674-724f-79a4-4b24de418577','6827e1c0-5b98-6d19-831b-27d9d367aeb0',NULL,NULL,21999.0000,NULL,200000.0000,'Nguyễn Anh Quân','2023-05-03 08:13:38','Nguyễn Anh Quân','2023-05-03 08:13:38',0,0),('184a04c5-410d-4cf6-9f25-ffd62eec9aed','DUDUXAO','Đu đủ xào','27f91d6c-14b1-6c74-92ef-c9d5c2d91e91','6827e1c0-5b98-6d19-831b-27d9d367aeb0',NULL,NULL,10000.0000,NULL,0.0000,'Nguyễn Anh Quân','2023-04-29 23:39:48','Nguyễn Anh Quân','2023-04-29 23:39:48',0,0),('18c1b3d4-1837-429a-8011-733135e8e52f','OHH6','Ốc hương hấp',NULL,'3650c04e-62b1-6908-5598-ae38c5379e4b',NULL,NULL,20000.0000,NULL,0.0000,'Nguyễn Anh Quân','2023-05-03 08:09:05','Nguyễn Anh Quân','2023-05-03 08:09:05',0,0),('1a7e508b-1fb9-4ea3-86b4-f3abfb3b0ae8','CCNB20','Cơm cháy Ninh Bình','34e2b4cc-3758-293d-7aa4-4b24de418577','6827e1c0-5b98-6d19-831b-27d9d367aeb0','469b3ece-744a-45d5-957d-e8c757976496','',20000.0000,'dceacd73-94ce-4651-86db-805c022f3a15.jpg',10000.0000,'Nguyễn Anh Quân','2023-05-03 08:18:32','Nguyễn Anh Quân','2023-05-03 08:18:32',0,0),('1ae671bd-4328-4c99-ad5a-464406420db6','CANHRIEU','Canh riêu',NULL,'3650c04e-62b1-6908-5598-ae38c5379e4b',NULL,NULL,100000.0000,NULL,80000.0000,'Nguyễn Anh Quân','2023-05-03 01:29:38','Nguyễn Anh Quân','2023-05-03 01:29:38',0,0),('1b604434-a6ca-49ea-a158-168adb4c2ae5','RAUCAILUOC','Rau cải luộc','30007451-29ff-4fe4-3707-70859f4ff30d','3650c04e-62b1-6908-5598-ae38c5379e4b',NULL,NULL,20000.0000,NULL,0.0000,'Nguyễn Anh Quân','2023-05-03 08:15:10','Nguyễn Anh Quân','2023-05-03 08:15:10',0,0),('1b7dc5cf-b51b-4f36-961f-c8a4f5a4aad7','BDN','Bún Đậu Nành Hay','30007451-29ff-4fe4-3707-70859f4ff30d','1f60e54f-196f-45f3-5498-ae38c5379e4b','469b3ece-744a-45d5-957d-e8c757976496',NULL,12302.0000,'4d642303-b90c-4e5d-a63c-139a8a76b7ce.png',123.0000,'Nguyễn Anh Quân','2023-08-30 22:29:09','Nguyễn Anh Quân','2023-08-30 22:29:09',0,0),('1c1e7d7e-eb57-4ee9-8db2-2a95dd12ef9f','TXMD3','Trứng xào mướp đắng','27f91d6c-14b1-6c74-92ef-c9d5c2d91e91','6827e1c0-5b98-6d19-831b-27d9d367aeb0',NULL,NULL,15000.0000,NULL,10000.0000,'Nguyễn Anh Quân','2023-05-03 08:17:36','Nguyễn Anh Quân','2023-05-03 08:17:36',0,0),('1c921193-8b18-4e44-84a9-fd8fd1204635','HSVC','Hàu sống vắt chanh',NULL,'3650c04e-62b1-6908-5598-ae38c5379e4b',NULL,NULL,200000.0000,NULL,100000.0000,'Nguyễn Anh Quân','2023-04-30 23:43:19','Nguyễn Anh Quân','2023-04-30 23:43:19',0,0),('1d4f8058-17a8-4cb0-abae-f16de96759a1','OHH16','Ốc hương hấp',NULL,'3650c04e-62b1-6908-5598-ae38c5379e4b',NULL,NULL,20000.0000,NULL,0.0000,'Nguyễn Anh Quân','2023-05-03 08:16:45','Nguyễn Anh Quân','2023-05-03 08:16:45',0,0),('1d87515c-808c-4b63-90ae-06d3bc08ad8b','COMRANGBO','Cơm rang bò',NULL,'6827e1c0-5b98-6d19-831b-27d9d367aeb0',NULL,NULL,15000.0000,NULL,20000.0000,'Nguyễn Anh Quân','2023-04-29 00:01:36','Nguyễn Anh Quân','2023-04-29 00:01:36',0,0),('1e17a03b-1edc-4fa9-85e2-b8cf65dac84e','OHH12','Ốc hương hấp',NULL,'3650c04e-62b1-6908-5598-ae38c5379e4b',NULL,NULL,20000.0000,NULL,0.0000,'Nguyễn Anh Quân','2023-05-03 08:16:41','Nguyễn Anh Quân','2023-05-03 08:16:41',0,0),('1e4702b9-9e17-410e-b6d3-a0b5fad989fe','BEXAO','Bê xào ',NULL,'6827e1c0-5b98-6d19-831b-27d9d367aeb0',NULL,NULL,100000.0000,'05c6efe3-5fc3-427c-84a2-672c89452f53.jpg',0.0000,'Nguyễn Anh Quân','2023-05-03 08:13:53','Nguyễn Anh Quân','2023-05-03 08:13:53',0,0),('1e9382a7-6e43-4baf-8e8f-493e6e61bd2a','TND17','Trà nhiệt đới','34e2b4cc-3758-293d-7aa4-4b24de418577','3650c04e-62b1-6908-5598-ae38c5379e4b','469b3ece-744a-45d5-957d-e8c757976496',NULL,50000.0000,NULL,50000.0000,'Nguyễn Anh Quân','2023-05-03 08:18:13','Nguyễn Anh Quân','2023-05-03 08:18:13',1,0),('1e942073-b89c-4f6b-81c5-0d9fce4d572c','MIBO','Mì bò',NULL,'3650c04e-62b1-6908-5598-ae38c5379e4b',NULL,NULL,12000.0000,NULL,0.0000,'Nguyễn Anh Quân','2023-05-03 08:14:50','Nguyễn Anh Quân','2023-05-03 08:14:50',0,0),('1ea931ea-9de7-4320-8b69-a8bc7238e974','FSDF','fsdf','27f91d6c-14b1-6c74-92ef-c9d5c2d91e91','573a47ac-ae90-4862-a155-5af5f76a2e26',NULL,NULL,0.0000,NULL,0.0000,'Nguyễn Anh Quân','2023-08-31 10:51:30','Nguyễn Anh Quân','2023-08-31 10:51:30',0,0),('1eda9c2c-2832-49fb-a86c-991b4a18fdd8','CKT14','Cá kho tộ','3e39129b-279f-623f-88ea-778aee59fea3','6827e1c0-5b98-6d19-831b-27d9d367aeb0',NULL,NULL,200000.0000,NULL,14000.0000,'Nguyễn Anh Quân','2023-05-03 08:15:11','Nguyễn Anh Quân','2023-05-03 08:15:11',0,0),('1fa46c4e-3eb5-48fa-83ee-acc73bcfbd68','CANHMANGSUGIO','Canh măng sú giò',NULL,'3650c04e-62b1-6908-5598-ae38c5379e4b',NULL,NULL,120000.0000,NULL,100000.0000,'Nguyễn Anh Quân','2023-05-03 08:15:53','Nguyễn Anh Quân','2023-05-03 08:15:53',0,0),('1fad21a3-ad39-426a-89a4-7d1d1eb63172','TNX','Tôm nõn xào',NULL,'6827e1c0-5b98-6d19-831b-27d9d367aeb0',NULL,NULL,200000.0000,'ae1d717a-923e-4dd1-98a0-7e49186b44de.jpg',0.0000,'Nguyễn Anh Quân','2023-04-29 23:42:12','Nguyễn Anh Quân','2023-04-29 23:42:12',0,0),('1fde791d-2a2d-4dc3-9907-88c692aa4f07','GAHAPTOI','Gà hấp tỏi','34e2b4cc-3758-293d-7aa4-4b24de418577','3650c04e-62b1-6908-5598-ae38c5379e4b',NULL,NULL,0.0000,NULL,0.0000,'Nguyễn Anh Quân','2023-05-03 08:16:23','Nguyễn Anh Quân','2023-05-03 08:16:23',0,0),('1fdf6fe2-ab54-4b0c-a806-d3e5847a4343','CR8','Canh riêu',NULL,'3650c04e-62b1-6908-5598-ae38c5379e4b',NULL,NULL,100000.0000,NULL,80000.0000,'Nguyễn Anh Quân','2023-05-03 08:16:31','Nguyễn Anh Quân','2023-05-03 08:16:31',0,0),('200b568b-9059-42e9-a82d-21725e1e0f32','TXMD1','Trứng xào mướp đắng','27f91d6c-14b1-6c74-92ef-c9d5c2d91e91','6827e1c0-5b98-6d19-831b-27d9d367aeb0',NULL,NULL,15000.0000,NULL,10000.0000,'Nguyễn Anh Quân','2023-05-03 08:11:13','Nguyễn Anh Quân','2023-05-03 08:11:13',0,0),('20d53095-951c-45d0-91ab-8485e0c41f72','CANHXUONGBIDO','Canh xương bí đỏ',NULL,'3650c04e-62b1-6908-5598-ae38c5379e4b',NULL,NULL,40000.0000,NULL,20000.0000,'Nguyễn Anh Quân','2023-05-03 08:14:52','Nguyễn Anh Quân','2023-05-03 08:14:52',0,0),('2162e35c-7fde-4ece-9bd4-06e0051bf0ad','TRMC10','Tôm rang me chua','6528b15d-6674-724f-79a4-4b24de418577','3650c04e-62b1-6908-5598-ae38c5379e4b','469b3ece-744a-45d5-957d-e8c757976496',NULL,50000.0000,NULL,50000.0000,'Nguyễn Anh Quân','2023-05-03 08:17:48','Nguyễn Anh Quân','2023-05-03 08:17:48',1,0),('21ab4a85-eeca-4e75-96f4-145cad8083a5','RMXT13','Rau muống xào tỏi','27f91d6c-14b1-6c74-92ef-c9d5c2d91e91','6827e1c0-5b98-6d19-831b-27d9d367aeb0','142cb08f-7c31-21fa-8e90-67245e8b283e',NULL,20000.0000,NULL,20000.0000,'Nguyễn Anh Quân','2023-05-03 08:14:03','Nguyễn Anh Quân','2023-05-03 08:14:03',1,0),('21e8a080-b970-411f-92c7-1fdc1a63226a','GQBK','Gà quay Bắc Kinh','3e39129b-279f-623f-88ea-778aee59fea3','6827e1c0-5b98-6d19-831b-27d9d367aeb0','469b3ece-744a-45d5-957d-e8c757976496',NULL,200000.0000,NULL,180000.0000,'Nguyễn Anh Quân','2023-04-23 13:33:44','Nguyễn Anh Quân','2023-04-25 01:24:59',0,0),('235ee969-0d9e-485f-83de-a7b9a68f74d3','GXLC','Gà xé lá chanh','6528b15d-6674-724f-79a4-4b24de418577','3650c04e-62b1-6908-5598-ae38c5379e4b',NULL,NULL,20000.0000,NULL,10000.0000,'Nguyễn Anh Quân','2023-04-29 23:31:38','Nguyễn Anh Quân','2023-04-29 23:31:38',0,0),('239e929c-ae6e-4b7c-a268-939115b8d437','NEMRAN','Nem rán','34e2b4cc-3758-293d-7aa4-4b24de418577','6827e1c0-5b98-6d19-831b-27d9d367aeb0',NULL,NULL,122222.0000,NULL,13000.0000,'Nguyễn Anh Quân','2023-05-01 18:03:00','Nguyễn Anh Quân','2023-05-01 18:03:00',0,0),('2425284f-6c52-46bb-9849-34de993dad81','CUTLONXAOME','Cút lộn xào me','27f91d6c-14b1-6c74-92ef-c9d5c2d91e91','6827e1c0-5b98-6d19-831b-27d9d367aeb0','142cb08f-7c31-21fa-8e90-67245e8b283e',NULL,50000.0000,NULL,50000.0000,'Nguyễn Anh Quân','2023-05-03 08:11:53','Nguyễn Anh Quân','2023-05-03 08:11:53',1,0),('244e2c71-6973-47f7-b6a0-404d81d38226','TH','Trứng hấp','27f91d6c-14b1-6c74-92ef-c9d5c2d91e91','3650c04e-62b1-6908-5598-ae38c5379e4b','142cb08f-7c31-21fa-8e90-67245e8b283e','Trứng gà',30000.0000,NULL,20000.0000,'Nguyễn Anh Quân','2023-04-21 21:36:44','Nguyễn Anh Quân','2023-04-21 21:36:44',1,0),('2473f59a-a3eb-4440-968e-ca8275cf9356','TSH3','Tôm sú hấp',NULL,'6827e1c0-5b98-6d19-831b-27d9d367aeb0',NULL,NULL,100000.0000,NULL,40000.0000,'Nguyễn Anh Quân','2023-05-03 08:16:14','Nguyễn Anh Quân','2023-05-03 08:16:14',0,0),('2485fba3-8e0c-4ae5-8f4a-42afeccc47e6','CLL18','Chả lá lốt','27f91d6c-14b1-6c74-92ef-c9d5c2d91e91','6827e1c0-5b98-6d19-831b-27d9d367aeb0','142cb08f-7c31-21fa-8e90-67245e8b283e',NULL,30000.0000,NULL,10000.0000,'Nguyễn Anh Quân','2023-05-03 08:14:17','Nguyễn Anh Quân','2023-05-03 08:14:17',0,0),('24fae8b5-3e4d-4395-a06e-230a6e8620fc','GXHD18','Gà xào hạt điều','27f91d6c-14b1-6c74-92ef-c9d5c2d91e91','6827e1c0-5b98-6d19-831b-27d9d367aeb0',NULL,NULL,20000.0000,NULL,0.0000,'Nguyễn Anh Quân','2023-05-03 08:17:49','Nguyễn Anh Quân','2023-05-03 08:17:49',0,0),('256a6dbf-c212-45ef-a2ad-3be6439beb5c','CRYM21','Cơm rang yến mạch','6528b15d-6674-724f-79a4-4b24de418577','3650c04e-62b1-6908-5598-ae38c5379e4b','469b3ece-744a-45d5-957d-e8c757976496',NULL,50000.0000,NULL,50000.0000,'Nguyễn Anh Quân','2023-05-03 08:17:50','Nguyễn Anh Quân','2023-05-03 08:17:50',1,0),('25b7b2b2-66b0-4972-9d27-66fb3e091a37','TGR13','Thịt gà rang ','6528b15d-6674-724f-79a4-4b24de418577','6827e1c0-5b98-6d19-831b-27d9d367aeb0',NULL,'Gà Bắc Giang cực ngon',100000.0000,NULL,20000.0000,'Nguyễn Anh Quân','2023-05-03 08:12:26','Nguyễn Anh Quân','2023-05-03 08:12:26',0,0),('2630ddd2-979b-4ccb-a8c3-72bf66504eb8','TBX','Thịt bò xào','27f91d6c-14b1-6c74-92ef-c9d5c2d91e91','6827e1c0-5b98-6d19-831b-27d9d367aeb0','142cb08f-7c31-21fa-8e90-67245e8b283e',NULL,50000.0000,NULL,50000.0000,'Nguyễn Anh Quân','2023-04-19 23:37:50','Nguyễn Anh Quân','2023-04-19 23:37:50',1,0),('274de845-8899-4ff4-b6fc-98b6c5e1bc23','CDD','Chè đậu đỏ','3e39129b-279f-623f-88ea-778aee59fea3','6827e1c0-5b98-6d19-831b-27d9d367aeb0',NULL,NULL,5000.0000,NULL,12000.0000,'Nguyễn Anh Quân','2023-04-28 21:50:38','Nguyễn Anh Quân','2023-04-28 21:50:38',0,0),('27aa5276-4447-4789-bca1-d5fc11d53ab0','DUIGARANG','Đùi gà rang ','6528b15d-6674-724f-79a4-4b24de418577','6827e1c0-5b98-6d19-831b-27d9d367aeb0',NULL,NULL,30000.0000,NULL,0.0000,'Nguyễn Anh Quân','2023-05-03 08:15:18','Nguyễn Anh Quân','2023-05-03 08:15:18',0,0),('2899aa8c-87f8-4bc3-96ce-b3746f513001','COMNAM','Cơm nắm',NULL,'3650c04e-62b1-6908-5598-ae38c5379e4b',NULL,NULL,10000.0000,NULL,0.0000,'Nguyễn Anh Quân','2023-05-03 08:15:12','Nguyễn Anh Quân','2023-05-03 08:15:12',0,0),('295c786b-5046-4c79-b1ce-8bf392044110','LONHAM','Lợn hầm ','3e39129b-279f-623f-88ea-778aee59fea3','1f60e54f-196f-45f3-5498-ae38c5379e4b','469b3ece-744a-45d5-957d-e8c757976496','Lợn Lạng Sơn',2000000.0000,'42ddd6eb-c51c-4bbf-9179-9b289abb25cc.jpg',1000000.0000,'Nguyễn Anh Quân','2023-05-03 08:14:22','Nguyễn Anh Quân','2023-05-03 08:14:22',0,0),('2996a491-284f-4994-9773-c53d0d617d08','TRLC','Tôm rang lá chanh','6528b15d-6674-724f-79a4-4b24de418577','6827e1c0-5b98-6d19-831b-27d9d367aeb0','142cb08f-7c31-21fa-8e90-67245e8b283e',NULL,50000.0000,NULL,50000.0000,'Nguyễn Anh Quân','2023-04-19 23:37:16','Nguyễn Anh Quân','2023-04-19 23:37:16',1,0),('29a5bb9f-0788-427b-b1b3-43e9f160b06d','CCL13','Củ cải luộc','3e39129b-279f-623f-88ea-778aee59fea3','3650c04e-62b1-6908-5598-ae38c5379e4b','469b3ece-744a-45d5-957d-e8c757976496',NULL,50000.0000,NULL,50000.0000,'Nguyễn Anh Quân','2023-05-03 08:09:47','Nguyễn Anh Quân','2023-05-03 08:09:47',1,0),('2acc4378-c210-4c96-81dc-1a10afc46be2','TGR','Thịt gà rang ','6528b15d-6674-724f-79a4-4b24de418577','6827e1c0-5b98-6d19-831b-27d9d367aeb0',NULL,'Gà Bắc Giang cực ngon',100000.0000,NULL,20000.0000,'Nguyễn Anh Quân','2023-04-25 19:49:59','Nguyễn Anh Quân','2023-04-25 19:49:59',0,0),('2b5372f7-8b1c-4c13-86ac-96d5283053ac','CCNB','Cơm cháy Ninh Bình','34e2b4cc-3758-293d-7aa4-4b24de418577','6827e1c0-5b98-6d19-831b-27d9d367aeb0','469b3ece-744a-45d5-957d-e8c757976496','',20000.0000,'dceacd73-94ce-4651-86db-805c022f3a15.jpg',10000.0000,'Nguyễn Anh Quân','2023-04-28 09:11:52','Nguyễn Anh Quân','2023-04-28 09:11:52',0,0),('2b7563ca-bd7b-4e62-aa82-d598aa2dde94','OC9','Ốc ',NULL,'3650c04e-62b1-6908-5598-ae38c5379e4b',NULL,NULL,20000.0000,NULL,10000.0000,'Nguyễn Anh Quân','2023-05-03 08:15:22','Nguyễn Anh Quân','2023-05-03 08:15:22',0,0),('2c1f54c5-4885-4a26-9950-23c7562c675e','OHH1','Ốc hương hấp',NULL,'3650c04e-62b1-6908-5598-ae38c5379e4b',NULL,NULL,20000.0000,NULL,0.0000,'Nguyễn Anh Quân','2023-05-03 08:08:52','Nguyễn Anh Quân','2023-05-03 08:08:52',0,0),('2c252e8b-637b-470a-b771-acfac00ef739','TND15','Trà nhiệt đới','34e2b4cc-3758-293d-7aa4-4b24de418577','3650c04e-62b1-6908-5598-ae38c5379e4b','469b3ece-744a-45d5-957d-e8c757976496',NULL,50000.0000,NULL,50000.0000,'Nguyễn Anh Quân','2023-05-03 08:17:15','Nguyễn Anh Quân','2023-05-03 08:17:15',1,0),('2c4739d1-dea7-4128-9e4e-abb535e58dd1','RMXT','Rau muống xào tỏi','27f91d6c-14b1-6c74-92ef-c9d5c2d91e91','6827e1c0-5b98-6d19-831b-27d9d367aeb0','142cb08f-7c31-21fa-8e90-67245e8b283e',NULL,20000.0000,NULL,20000.0000,'Nguyễn Anh Quân','2023-04-19 23:32:36','Nguyễn Anh Quân','2023-04-19 23:32:36',1,0),('2c96d2ea-d2ba-4ec8-813c-8e8b51f942e3','TND14','Trà nhiệt đới','34e2b4cc-3758-293d-7aa4-4b24de418577','3650c04e-62b1-6908-5598-ae38c5379e4b','469b3ece-744a-45d5-957d-e8c757976496',NULL,50000.0000,NULL,50000.0000,'Nguyễn Anh Quân','2023-05-03 08:14:05','Nguyễn Anh Quân','2023-05-03 08:14:05',1,0),('2cafc9ba-3c47-40df-913d-4532dfdc5920','OHH15','Ốc hương hấp',NULL,'3650c04e-62b1-6908-5598-ae38c5379e4b',NULL,NULL,20000.0000,NULL,0.0000,'Nguyễn Anh Quân','2023-05-03 08:16:44','Nguyễn Anh Quân','2023-05-03 08:16:44',0,0),('2ce6ad5d-1f0f-4e68-a776-fada97e37b6c','TXMD4','Trứng xào mướp đắng','27f91d6c-14b1-6c74-92ef-c9d5c2d91e91','6827e1c0-5b98-6d19-831b-27d9d367aeb0',NULL,NULL,15000.0000,NULL,10000.0000,'Nguyễn Anh Quân','2023-05-03 08:17:38','Nguyễn Anh Quân','2023-05-03 08:17:38',0,0),('2d02b527-f693-451a-abf3-6d7fa43656ac','NC3','Nộm chuối','30007451-29ff-4fe4-3707-70859f4ff30d','1f60e54f-196f-45f3-5498-ae38c5379e4b','469b3ece-744a-45d5-957d-e8c757976496','Chuối quê',210000.0000,'71549667-9a66-4219-b608-aa55b37d4e7b.jpg',100000.0000,'Nguyễn Anh Quân','2023-05-03 08:14:53','Nguyễn Anh Quân','2023-05-03 08:14:53',1,0),('2d084982-967e-43c2-9993-122dfcf4fee7','RMXT14','Rau muống xào tỏi','27f91d6c-14b1-6c74-92ef-c9d5c2d91e91','6827e1c0-5b98-6d19-831b-27d9d367aeb0','142cb08f-7c31-21fa-8e90-67245e8b283e',NULL,20000.0000,NULL,20000.0000,'Nguyễn Anh Quân','2023-05-03 08:17:41','Nguyễn Anh Quân','2023-05-03 08:17:41',1,0),('2d703dfa-88da-484d-94c9-534aeb9cb214','GQBK21','Gà quay Bắc Kinh','3e39129b-279f-623f-88ea-778aee59fea3','6827e1c0-5b98-6d19-831b-27d9d367aeb0','469b3ece-744a-45d5-957d-e8c757976496',NULL,200000.0000,NULL,180000.0000,'Nguyễn Anh Quân','2023-05-03 08:18:22','Nguyễn Anh Quân','2023-05-03 08:18:22',0,0),('2dc25fba-38b9-4132-8402-efe064430b4f','GAH','Gà ác hầm','3e39129b-279f-623f-88ea-778aee59fea3','3650c04e-62b1-6908-5598-ae38c5379e4b',NULL,NULL,14000.0000,NULL,10000.0000,'Nguyễn Anh Quân','2023-04-28 21:39:39','Nguyễn Anh Quân','2023-04-28 21:39:39',0,0),('2debdedb-b938-48b0-9dce-987b86a81b06','CHEBUOI','Chè bưởi','6528b15d-6674-724f-79a4-4b24de418577','3650c04e-62b1-6908-5598-ae38c5379e4b',NULL,NULL,10000.0000,NULL,20000.0000,'Nguyễn Anh Quân','2023-05-03 08:14:32','Nguyễn Anh Quân','2023-05-03 08:14:32',0,0),('2f082e6d-20aa-49d8-82f9-1288003c6716','CMSG','Canh măng sú giò',NULL,'3650c04e-62b1-6908-5598-ae38c5379e4b',NULL,NULL,120000.0000,NULL,100000.0000,'Nguyễn Anh Quân','2023-05-02 09:42:08','Nguyễn Anh Quân','2023-05-02 09:42:08',0,0),('3161740e-e120-475a-8648-17949d8c15b8','CLL21','Chả lá lốt','27f91d6c-14b1-6c74-92ef-c9d5c2d91e91','6827e1c0-5b98-6d19-831b-27d9d367aeb0','142cb08f-7c31-21fa-8e90-67245e8b283e',NULL,30000.0000,NULL,10000.0000,'Nguyễn Anh Quân','2023-05-03 08:18:26','Nguyễn Anh Quân','2023-05-03 08:18:26',0,0),('32a2581e-997a-4378-bc8b-634a14a87361','LACRANG','Lạc rang','30007451-29ff-4fe4-3707-70859f4ff30d','1f60e54f-196f-45f3-5498-ae38c5379e4b',NULL,NULL,13000.0000,NULL,0.0000,'Nguyễn Anh Quân','2023-05-03 08:14:35','Nguyễn Anh Quân','2023-05-03 08:14:35',0,0),('32b9d0f5-30b4-4d7d-b023-55fbca78cb13','CUM26','Cá ướp muối',NULL,'6827e1c0-5b98-6d19-831b-27d9d367aeb0',NULL,NULL,20000.0000,NULL,0.0000,'Nguyễn Anh Quân','2023-05-03 08:17:06','Nguyễn Anh Quân','2023-05-03 08:17:06',0,0),('34d71098-aec6-49fa-a922-a230de9fb290','TRUNGDADIEULUOC','Trứng đà điểu luộc','3e39129b-279f-623f-88ea-778aee59fea3','6e0dc48e-3eac-6143-9b66-a58ab8ff47ca',NULL,NULL,20000.0000,NULL,10000.0000,'Nguyễn Anh Quân','2023-05-01 00:20:56','Nguyễn Anh Quân','2023-05-01 00:20:56',0,0),('3562078b-b35b-424c-bf7b-7f77120793f0','LE5','Lẩu ếch',NULL,'1f60e54f-196f-45f3-5498-ae38c5379e4b',NULL,NULL,200000.0000,NULL,180000.0000,'Nguyễn Anh Quân','2023-05-03 08:17:29','Nguyễn Anh Quân','2023-05-03 08:17:29',0,0),('35f54ef0-6851-4926-bec2-e31429b6d45f','TRLC14','Tôm rang lá chanh','6528b15d-6674-724f-79a4-4b24de418577','6827e1c0-5b98-6d19-831b-27d9d367aeb0','142cb08f-7c31-21fa-8e90-67245e8b283e',NULL,50000.0000,NULL,50000.0000,'Nguyễn Anh Quân','2023-05-03 08:17:47','Nguyễn Anh Quân','2023-05-03 08:17:47',1,0),('365944bb-afb5-49bc-8c78-57caee41eaad','CUM21','Cá ướp muối',NULL,'6827e1c0-5b98-6d19-831b-27d9d367aeb0',NULL,NULL,20000.0000,NULL,0.0000,'Nguyễn Anh Quân','2023-05-03 08:16:56','Nguyễn Anh Quân','2023-05-03 08:16:56',0,0),('36702a0e-b5d6-46e6-b42d-00b94813d7a3','STMC3','Sinh tố mãng cầu','34e2b4cc-3758-293d-7aa4-4b24de418577','3650c04e-62b1-6908-5598-ae38c5379e4b','469b3ece-744a-45d5-957d-e8c757976496',NULL,50000.0000,NULL,50000.0000,'Nguyễn Anh Quân','2023-05-03 08:17:43','Nguyễn Anh Quân','2023-05-03 08:17:43',1,0),('36e91b46-f014-4f3b-bf1c-3d2f1d2b992e','CRYM19','Cơm rang yến mạch','6528b15d-6674-724f-79a4-4b24de418577','3650c04e-62b1-6908-5598-ae38c5379e4b','469b3ece-744a-45d5-957d-e8c757976496',NULL,50000.0000,NULL,50000.0000,'Nguyễn Anh Quân','2023-05-03 08:17:13','Nguyễn Anh Quân','2023-05-03 08:17:13',1,0),('37a3f136-1b8b-4af4-a8da-883fde5817c7','CA5','Cá ','34e2b4cc-3758-293d-7aa4-4b24de418577','3650c04e-62b1-6908-5598-ae38c5379e4b',NULL,NULL,2000.0000,NULL,0.0000,'Nguyễn Anh Quân','2023-05-03 08:16:35','Nguyễn Anh Quân','2023-05-03 08:16:35',0,0),('37b6b029-16d1-49bf-942e-7e969b239edc','MALONNUONG','Má lợn nướng',NULL,'6827e1c0-5b98-6d19-831b-27d9d367aeb0',NULL,NULL,200000.0000,NULL,0.0000,'Nguyễn Anh Quân','2023-05-03 08:16:25','Nguyễn Anh Quân','2023-05-03 08:16:25',0,0),('37ded8a5-45bc-49e0-96f2-be27a346cac0','OHH5','Ốc hương hấp',NULL,'3650c04e-62b1-6908-5598-ae38c5379e4b',NULL,NULL,20000.0000,NULL,0.0000,'Nguyễn Anh Quân','2023-05-03 08:09:04','Nguyễn Anh Quân','2023-05-03 08:09:04',0,0),('37f9a1a6-203b-40b7-82fd-23ece3073dbb','VOS','Vịt om sấu',NULL,'3650c04e-62b1-6908-5598-ae38c5379e4b',NULL,NULL,200000.0000,NULL,0.0000,'Nguyễn Anh Quân','2023-04-29 23:24:08','Nguyễn Anh Quân','2023-04-29 23:24:08',0,0),('38c8bbf1-d63a-462f-8409-a74d673c547a','COMCHAYNINHBINH','Cơm cháy Ninh Bình','34e2b4cc-3758-293d-7aa4-4b24de418577','6827e1c0-5b98-6d19-831b-27d9d367aeb0','469b3ece-744a-45d5-957d-e8c757976496','',20000.0000,'dceacd73-94ce-4651-86db-805c022f3a15.jpg',10000.0000,'Nguyễn Anh Quân','2023-05-03 08:14:26','Nguyễn Anh Quân','2023-05-03 08:14:26',0,0),('3939e04a-9ec5-4082-9197-bf8a36ef3271','CACHIMRAN','Cá chim rán','3e39129b-279f-623f-88ea-778aee59fea3','6827e1c0-5b98-6d19-831b-27d9d367aeb0',NULL,NULL,20000.0000,NULL,10000.0000,'Nguyễn Anh Quân','2023-05-01 00:51:21','Nguyễn Anh Quân','2023-05-01 00:51:21',0,0),('3ae92245-b25d-4daf-aca8-ec1a3cc02218','CR4','Canh riêu',NULL,'3650c04e-62b1-6908-5598-ae38c5379e4b',NULL,NULL,100000.0000,NULL,80000.0000,'Nguyễn Anh Quân','2023-05-03 08:06:40','Nguyễn Anh Quân','2023-05-03 08:06:40',0,0),('3afa81f6-de86-48e9-b699-325c7f65ecb2','CRTH','Cơm rang tôm hùm','6528b15d-6674-724f-79a4-4b24de418577','6827e1c0-5b98-6d19-831b-27d9d367aeb0',NULL,NULL,500000.0000,NULL,200000.0000,'Nguyễn Anh Quân','2023-04-29 23:05:37','Nguyễn Anh Quân','2023-04-29 23:05:37',0,0),('3bdb07a2-d94e-4111-8434-2d5efe2254df','OHH2','Ốc hương hấp',NULL,'3650c04e-62b1-6908-5598-ae38c5379e4b',NULL,NULL,20000.0000,NULL,0.0000,'Nguyễn Anh Quân','2023-05-03 08:08:55','Nguyễn Anh Quân','2023-05-03 08:08:55',0,0),('3c412788-dca0-4ab6-8ff4-0a9fbb5c7c75','XOIRAN','Xôi rán','6528b15d-6674-724f-79a4-4b24de418577','3650c04e-62b1-6908-5598-ae38c5379e4b',NULL,NULL,20000.0000,'675e1a4b-23d8-4993-95b3-047ec745b7be.jpg',10000.0000,'Nguyễn Anh Quân','2023-05-03 08:15:37','Nguyễn Anh Quân','2023-05-03 08:15:37',0,0),('3c73e49d-e7c9-4c2a-bf15-775fd37d66b4','LE4','Lẩu ếch',NULL,'1f60e54f-196f-45f3-5498-ae38c5379e4b',NULL,NULL,200000.0000,NULL,180000.0000,'Nguyễn Anh Quân','2023-05-03 08:17:27','Nguyễn Anh Quân','2023-05-03 08:17:27',0,0),('3c833d42-5a3f-443e-9aba-003c94fa3619','TOMRANGLACHANH','Tôm rang lá chanh','6528b15d-6674-724f-79a4-4b24de418577','6827e1c0-5b98-6d19-831b-27d9d367aeb0','142cb08f-7c31-21fa-8e90-67245e8b283e',NULL,50000.0000,NULL,50000.0000,'Nguyễn Anh Quân','2023-05-03 08:11:56','Nguyễn Anh Quân','2023-05-03 08:11:56',1,0),('3d0adb38-7df9-46c2-a135-853bae44a4e0','OHH14','Ốc hương hấp',NULL,'3650c04e-62b1-6908-5598-ae38c5379e4b',NULL,NULL,20000.0000,NULL,0.0000,'Nguyễn Anh Quân','2023-05-03 08:16:43','Nguyễn Anh Quân','2023-05-03 08:16:43',0,0),('3e1fc25a-0385-468c-b591-b28979ceb190','LC','Lẩu cá',NULL,'1f60e54f-196f-45f3-5498-ae38c5379e4b',NULL,NULL,10000.0000,'969c1abe-e297-4716-bb84-0130ed87d5eb.jpg',20000.0000,'Nguyễn Anh Quân','2023-04-29 22:51:52','Nguyễn Anh Quân','2023-04-29 22:51:52',0,0),('3e8607d9-b929-4dc2-ae95-cb5d3bcd9537','THXN','Thịt heo xào nấm',NULL,'6827e1c0-5b98-6d19-831b-27d9d367aeb0',NULL,NULL,120000.0000,NULL,100000.0000,'Nguyễn Anh Quân','2023-05-02 21:04:40','Nguyễn Anh Quân','2023-05-02 21:04:40',0,0),('3f7be5e1-b1a6-43e2-afd5-fc7365204001','CDX5','Cháo đỗ xanh',NULL,'3650c04e-62b1-6908-5598-ae38c5379e4b',NULL,NULL,30000.0000,NULL,0.0000,'Nguyễn Anh Quân','2023-05-03 08:18:03','Nguyễn Anh Quân','2023-05-03 08:18:03',0,0),('3feaa690-37c2-480c-bd80-cee5e8e923fb','PEPSI11','Pepsi','34e2b4cc-3758-293d-7aa4-4b24de418577','3650c04e-62b1-6908-5598-ae38c5379e4b',NULL,NULL,20000.0000,NULL,0.0000,'Nguyễn Anh Quân','2023-05-03 08:18:18','Nguyễn Anh Quân','2023-05-03 08:18:18',0,0),('4069e548-5bef-4679-9d09-23afb958bc8b','TOMRANGMECHUA','Tôm rang me chua','6528b15d-6674-724f-79a4-4b24de418577','3650c04e-62b1-6908-5598-ae38c5379e4b','469b3ece-744a-45d5-957d-e8c757976496',NULL,50000.0000,NULL,50000.0000,'Nguyễn Anh Quân','2023-05-03 08:10:30','Nguyễn Anh Quân','2023-05-03 08:10:30',1,0),('40a68580-30af-499d-bc2a-6cedb78ca1b1','CR5','Canh riêu',NULL,'3650c04e-62b1-6908-5598-ae38c5379e4b',NULL,NULL,100000.0000,NULL,80000.0000,'Nguyễn Anh Quân','2023-05-03 08:08:40','Nguyễn Anh Quân','2023-05-03 08:08:40',0,0),('4166e577-df5e-4d8d-92ad-f0ee4fc85ea1','GAUOPMAMTOM','Gà ướp mắm tôm',NULL,'6827e1c0-5b98-6d19-831b-27d9d367aeb0',NULL,NULL,200000.0000,NULL,0.0000,'Nguyễn Anh Quân','2023-05-03 08:15:24','Nguyễn Anh Quân','2023-05-03 08:15:24',0,0),('4199d9ed-1bf0-454a-a746-eec9fdd19a3f','COMRONGBIEN','Cơm rong biển',NULL,'1f60e54f-196f-45f3-5498-ae38c5379e4b',NULL,NULL,0.0000,NULL,0.0000,'Nguyễn Anh Quân','2023-05-03 08:14:47','Nguyễn Anh Quân','2023-05-03 08:14:47',0,0),('42005e43-2bcc-4db3-ba20-eb4afaa9702e','GQBK19','Gà quay Bắc Kinh','3e39129b-279f-623f-88ea-778aee59fea3','6827e1c0-5b98-6d19-831b-27d9d367aeb0','469b3ece-744a-45d5-957d-e8c757976496',NULL,200000.0000,NULL,180000.0000,'Nguyễn Anh Quân','2023-05-03 08:17:22','Nguyễn Anh Quân','2023-05-03 08:17:22',0,0),('4216b29f-d895-4039-a442-3e253f6bdd8c','BK','Bánh khọt','34e2b4cc-3758-293d-7aa4-4b24de418577','6827e1c0-5b98-6d19-831b-27d9d367aeb0',NULL,NULL,20000.0000,'d3b73b54-646a-4cda-ba2c-8dc1729d94e2.jpg',10000.0000,'Nguyễn Anh Quân','2023-05-10 15:23:44','Nguyễn Anh Quân','2023-05-10 15:23:44',1,1),('4396b7b0-a604-4467-8dcb-dde558d80412','CA4','Cá ','34e2b4cc-3758-293d-7aa4-4b24de418577','3650c04e-62b1-6908-5598-ae38c5379e4b',NULL,NULL,2000.0000,NULL,0.0000,'Nguyễn Anh Quân','2023-05-03 08:07:46','Nguyễn Anh Quân','2023-05-03 08:07:46',0,0),('444641a8-75aa-4f28-a60b-103a057d0713','VOS13','Vịt om sấu',NULL,'3650c04e-62b1-6908-5598-ae38c5379e4b',NULL,NULL,200000.0000,NULL,0.0000,'Nguyễn Anh Quân','2023-05-03 08:11:05','Nguyễn Anh Quân','2023-05-03 08:11:05',0,0),('44d30e1c-96a1-4bb6-9532-461547cad1c3','OCCHUOIDAU','Ốc chuối đậu',NULL,'6827e1c0-5b98-6d19-831b-27d9d367aeb0',NULL,NULL,20000.0000,NULL,10000.0000,'Nguyễn Anh Quân','2023-05-03 08:15:21','Nguyễn Anh Quân','2023-05-03 08:15:21',0,0),('45866d1d-844a-4f16-a812-8ab84f25ef25','TRUNGHAP','Trứng hấp','27f91d6c-14b1-6c74-92ef-c9d5c2d91e91','3650c04e-62b1-6908-5598-ae38c5379e4b','142cb08f-7c31-21fa-8e90-67245e8b283e','Trứng gà',30000.0000,NULL,20000.0000,'Nguyễn Anh Quân','2023-05-03 08:10:07','Nguyễn Anh Quân','2023-05-03 08:10:07',1,0),('45e00811-6678-412b-82e9-e5f9bca887cd','GALUOC','Gà luộc','3e39129b-279f-623f-88ea-778aee59fea3','3650c04e-62b1-6908-5598-ae38c5379e4b','469b3ece-744a-45d5-957d-e8c757976496',NULL,50000.0000,NULL,50000.0000,'Nguyễn Anh Quân','2023-05-03 08:10:05','Nguyễn Anh Quân','2023-05-03 08:10:05',1,0),('4611ed4c-ee3f-461c-98e6-e8635512cbb7','THITDETAI','Thịt dê tái','3e39129b-279f-623f-88ea-778aee59fea3','6827e1c0-5b98-6d19-831b-27d9d367aeb0',NULL,NULL,20000.0000,NULL,0.0000,'Nguyễn Anh Quân','2023-05-03 08:15:52','Nguyễn Anh Quân','2023-05-03 08:15:52',0,0),('47c31739-5710-471e-ae85-765df9ba9beb','TDCS18','Trà đào cam sả','34e2b4cc-3758-293d-7aa4-4b24de418577','3650c04e-62b1-6908-5598-ae38c5379e4b','469b3ece-744a-45d5-957d-e8c757976496',NULL,50000.0000,NULL,50000.0000,'Nguyễn Anh Quân','2023-05-03 08:17:50','Nguyễn Anh Quân','2023-05-03 08:17:50',1,0),('47dad5ed-1016-4b52-9c32-8f9b20019ef7','BTR','Bánh trưng rán','6528b15d-6674-724f-79a4-4b24de418577','1f60e54f-196f-45f3-5498-ae38c5379e4b',NULL,NULL,14000.0000,NULL,0.0000,'Nguyễn Anh Quân','2023-04-28 23:50:54','Nguyễn Anh Quân','2023-04-28 23:50:54',0,0),('47e1a6a4-4e7f-4208-a468-57a093b31fac','NC','Nộm chuối','30007451-29ff-4fe4-3707-70859f4ff30d','1f60e54f-196f-45f3-5498-ae38c5379e4b','469b3ece-744a-45d5-957d-e8c757976496','Chuối quê',210000.0000,'71549667-9a66-4219-b608-aa55b37d4e7b.jpg',100000.0000,'Nguyễn Anh Quân','2023-04-29 11:29:47','Nguyễn Anh Quân','2023-04-29 11:29:47',1,0),('47f1d197-615b-4277-b7e3-5ecb8f4c361c','TRLC13','Tôm rang lá chanh','6528b15d-6674-724f-79a4-4b24de418577','6827e1c0-5b98-6d19-831b-27d9d367aeb0','142cb08f-7c31-21fa-8e90-67245e8b283e',NULL,50000.0000,NULL,50000.0000,'Nguyễn Anh Quân','2023-05-03 08:13:57','Nguyễn Anh Quân','2023-05-03 08:13:57',1,0),('49aa0e8a-1a4c-40fa-8eec-c2f10036abef','QUAYRAN','Quẩy rán',NULL,'6827e1c0-5b98-6d19-831b-27d9d367aeb0',NULL,NULL,20000.0000,NULL,10000.0000,'Nguyễn Anh Quân','2023-05-03 08:15:40','Nguyễn Anh Quân','2023-05-03 08:15:40',0,0),('4b9f1904-d4e3-41cb-8ccc-2d63f18fb5b8','BRCHN','Bún riêu cua Hà Nội','27f91d6c-14b1-6c74-92ef-c9d5c2d91e91','6827e1c0-5b98-6d19-831b-27d9d367aeb0','4e272fc4-7875-78d6-7d32-6a1673ffca7c','',200000.0000,'1dfa0632-53de-4c7c-b071-d690fd4e40e4.jpg',150000.0000,'Nguyễn Anh Quân','2023-05-05 14:58:37','Nguyễn Anh Quân','2023-05-05 14:58:37',0,0),('4ba66f6e-d03e-4a02-80dc-36c4d9fdb35c','NEMCHUARAN','Nem chua rán','6528b15d-6674-724f-79a4-4b24de418577','6827e1c0-5b98-6d19-831b-27d9d367aeb0','142cb08f-7c31-21fa-8e90-67245e8b283e','Nem chua rán ',80000.0000,NULL,20000.0000,'Nguyễn Anh Quân','2023-05-03 08:14:12','Nguyễn Anh Quân','2023-05-03 08:14:12',0,0),('4c1de6dc-c452-452c-a485-db899e067b8b','SV19','Sốt vang','27f91d6c-14b1-6c74-92ef-c9d5c2d91e91','1f60e54f-196f-45f3-5498-ae38c5379e4b',NULL,NULL,50000.0000,NULL,0.0000,'Nguyễn Anh Quân','2023-05-03 08:17:57','Nguyễn Anh Quân','2023-05-03 08:17:57',0,0),('4c3a39b2-10ef-4bbe-bb36-7f83973e3150','VITOMSAU','Vịt om sấu',NULL,'3650c04e-62b1-6908-5598-ae38c5379e4b',NULL,NULL,200000.0000,NULL,0.0000,'Nguyễn Anh Quân','2023-05-03 08:11:03','Nguyễn Anh Quân','2023-05-03 08:11:03',0,0),('4c3cd41a-36ac-4fab-aff6-a6e85642a71d','CRB','Cơm rong biển',NULL,'1f60e54f-196f-45f3-5498-ae38c5379e4b',NULL,NULL,0.0000,NULL,0.0000,'Nguyễn Anh Quân','2023-04-29 00:01:21','Nguyễn Anh Quân','2023-04-29 00:01:21',0,0),('4c5f6efe-42f3-403b-92fb-e4158d4a14d2','TC','Thịt Chó','27f91d6c-14b1-6c74-92ef-c9d5c2d91e91','3650c04e-62b1-6908-5598-ae38c5379e4b','469b3ece-744a-45d5-957d-e8c757976496',NULL,200000.0000,NULL,50000.0000,'Nguyễn Anh Quân','2023-08-31 08:23:04','Nguyễn Anh Quân','2023-08-31 08:23:04',0,0),('4c8c82c8-a340-4b74-8ad9-68e63e6dcbf7','CRR10','Cá rô rán ','6528b15d-6674-724f-79a4-4b24de418577','6827e1c0-5b98-6d19-831b-27d9d367aeb0',NULL,NULL,21999.0000,NULL,200000.0000,'Nguyễn Anh Quân','2023-05-03 08:15:33','Nguyễn Anh Quân','2023-05-03 08:15:33',0,0),('4cbd279f-cb48-4a47-a9af-940c392ae8a1','CHEDAUDO','Chè đậu đỏ','3e39129b-279f-623f-88ea-778aee59fea3','6827e1c0-5b98-6d19-831b-27d9d367aeb0',NULL,NULL,5000.0000,NULL,12000.0000,'Nguyễn Anh Quân','2023-05-03 08:14:33','Nguyễn Anh Quân','2023-05-03 08:14:33',0,0),('4ccef47a-159e-45a7-8a3a-3b55a0f1bd3c','BX','Bê xào ',NULL,'6827e1c0-5b98-6d19-831b-27d9d367aeb0',NULL,NULL,100000.0000,'05c6efe3-5fc3-427c-84a2-672c89452f53.jpg',0.0000,'Nguyễn Anh Quân','2023-04-29 23:42:53','Nguyễn Anh Quân','2023-04-29 23:42:53',0,0),('4d1a4b15-9d0b-404c-a380-1d7ba68ff614','TH18','Trứng hấp','27f91d6c-14b1-6c74-92ef-c9d5c2d91e91','3650c04e-62b1-6908-5598-ae38c5379e4b','142cb08f-7c31-21fa-8e90-67245e8b283e','Trứng gà',30000.0000,NULL,20000.0000,'Nguyễn Anh Quân','2023-05-03 08:17:17','Nguyễn Anh Quân','2023-05-03 08:17:17',1,0),('4d58e7ef-32df-4c55-8b00-a347bb395bcb','TBXRCT','Thịt bò xào rau cần tây ','34e2b4cc-3758-293d-7aa4-4b24de418577','6827e1c0-5b98-6d19-831b-27d9d367aeb0',NULL,NULL,200000.0000,NULL,180000.0000,'Nguyễn Anh Quân','2023-05-01 02:01:04','Nguyễn Anh Quân','2023-05-01 02:01:04',0,0),('4dc6177c-ddcc-4cad-80a1-6ca936fb9085','CLL19','Chả lá lốt','27f91d6c-14b1-6c74-92ef-c9d5c2d91e91','6827e1c0-5b98-6d19-831b-27d9d367aeb0','142cb08f-7c31-21fa-8e90-67245e8b283e',NULL,30000.0000,NULL,10000.0000,'Nguyễn Anh Quân','2023-05-03 08:14:19','Nguyễn Anh Quân','2023-05-03 08:14:19',0,0),('4ea5d19c-83c3-4726-b197-c383c6c3ff2a','BANHTRUNGLUOC','Bánh trưng luộc','3e39129b-279f-623f-88ea-778aee59fea3','3650c04e-62b1-6908-5598-ae38c5379e4b',NULL,NULL,2000.0000,NULL,0.0000,'Nguyễn Anh Quân','2023-05-03 08:14:34','Nguyễn Anh Quân','2023-05-03 08:14:34',0,0),('4f353d2f-d3fe-4417-a700-8138f957fe8b','STB','Sinh tố bơ','34e2b4cc-3758-293d-7aa4-4b24de418577','3650c04e-62b1-6908-5598-ae38c5379e4b','469b3ece-744a-45d5-957d-e8c757976496',NULL,50000.0000,NULL,50000.0000,'Nguyễn Anh Quân','2023-04-19 23:39:58','Nguyễn Anh Quân','2023-04-19 23:39:58',1,0),('4f386f8b-8f3b-40a2-9844-a5ac6160b48f','TDCS','Trà đào cam sả','34e2b4cc-3758-293d-7aa4-4b24de418577','3650c04e-62b1-6908-5598-ae38c5379e4b','469b3ece-744a-45d5-957d-e8c757976496',NULL,50000.0000,NULL,50000.0000,'Nguyễn Anh Quân','2023-05-03 08:12:11','Nguyễn Anh Quân','2023-05-03 08:12:11',1,0),('4f4294b8-b8cb-4c6f-8b08-43fe2ef6eb05','LONGLON','Lòng lợn','3e39129b-279f-623f-88ea-778aee59fea3','6827e1c0-5b98-6d19-831b-27d9d367aeb0',NULL,NULL,19000.0000,NULL,10000.0000,'Nguyễn Anh Quân','2023-05-03 08:15:38','Nguyễn Anh Quân','2023-05-03 08:15:38',0,0),('4fb93928-c6cc-49f8-b04a-cf0dcb83a6d1','STMC','Sinh tố mãng cầu','34e2b4cc-3758-293d-7aa4-4b24de418577','3650c04e-62b1-6908-5598-ae38c5379e4b','469b3ece-744a-45d5-957d-e8c757976496',NULL,50000.0000,NULL,50000.0000,'Nguyễn Anh Quân','2023-04-19 23:43:44','Nguyễn Anh Quân','2023-04-19 23:43:44',1,0),('4fe3058b-9415-4fd9-87f7-6a1f9e6183b2','OLX15','Óc lợn xào','27f91d6c-14b1-6c74-92ef-c9d5c2d91e91','6827e1c0-5b98-6d19-831b-27d9d367aeb0',NULL,NULL,20000.0000,NULL,10000.0000,'Nguyễn Anh Quân','2023-05-03 08:17:33','Nguyễn Anh Quân','2023-05-03 08:17:33',0,0),('50f06a9e-0446-4ba1-8a52-823976e434db','TRANHIETDOI','Trà nhiệt đới','34e2b4cc-3758-293d-7aa4-4b24de418577','3650c04e-62b1-6908-5598-ae38c5379e4b','469b3ece-744a-45d5-957d-e8c757976496',NULL,50000.0000,NULL,50000.0000,'Nguyễn Anh Quân','2023-05-03 08:10:01','Nguyễn Anh Quân','2023-05-03 08:10:01',1,0),('51d8385d-57c4-4676-b8d5-863fec88fecf','CDX','Cháo đỗ xanh',NULL,'3650c04e-62b1-6908-5598-ae38c5379e4b',NULL,NULL,30000.0000,NULL,0.0000,'Nguyễn Anh Quân','2023-05-02 21:08:03','Nguyễn Anh Quân','2023-05-02 21:08:03',0,0),('5254fcbb-784e-4f3a-a022-a466a026aeea','STB19','Sinh tố bơ','34e2b4cc-3758-293d-7aa4-4b24de418577','3650c04e-62b1-6908-5598-ae38c5379e4b','469b3ece-744a-45d5-957d-e8c757976496',NULL,50000.0000,NULL,50000.0000,'Nguyễn Anh Quân','2023-05-03 08:17:12','Nguyễn Anh Quân','2023-05-03 08:17:12',1,0),('52a2db08-54ea-452f-8e7a-2c508a4fca72','HATDIEU','Hạt điều','30007451-29ff-4fe4-3707-70859f4ff30d','1f60e54f-196f-45f3-5498-ae38c5379e4b',NULL,NULL,140000.0000,NULL,0.0000,'Nguyễn Anh Quân','2023-05-03 08:14:36','Nguyễn Anh Quân','2023-05-03 08:14:36',0,0),('52a527fb-aeae-4e47-af10-d506f00992fc','RAUMUONGXAOTOI','Rau muống xào tỏi','27f91d6c-14b1-6c74-92ef-c9d5c2d91e91','6827e1c0-5b98-6d19-831b-27d9d367aeb0','142cb08f-7c31-21fa-8e90-67245e8b283e',NULL,20000.0000,NULL,20000.0000,'Nguyễn Anh Quân','2023-05-03 08:11:39','Nguyễn Anh Quân','2023-05-03 08:11:39',1,0),('52c7d057-48fe-4be4-9063-b2e8eaa8279f','BCSG','Bánh canh Sài Gòn','3e39129b-279f-623f-88ea-778aee59fea3','3650c04e-62b1-6908-5598-ae38c5379e4b',NULL,NULL,20000.0000,'b8a1f845-a944-4c5c-b653-22f7c70cc1cd.jpg',100000.0000,'Nguyễn Anh Quân','2023-05-09 10:24:34','Nguyễn Anh Quân','2023-05-09 10:24:34',0,1),('52d786b5-af32-4b0f-a219-3ad1c22a4c29','OHH8','Ốc hương hấp',NULL,'3650c04e-62b1-6908-5598-ae38c5379e4b',NULL,NULL,20000.0000,NULL,0.0000,'Nguyễn Anh Quân','2023-05-03 08:16:29','Nguyễn Anh Quân','2023-05-03 08:16:29',0,0),('52dfab27-6582-49c0-bae7-336195e05ae5','TXMD','Trứng xào mướp đắng','27f91d6c-14b1-6c74-92ef-c9d5c2d91e91','6827e1c0-5b98-6d19-831b-27d9d367aeb0',NULL,NULL,15000.0000,NULL,10000.0000,'Nguyễn Anh Quân','2023-04-29 23:07:19','Nguyễn Anh Quân','2023-04-29 23:07:19',0,0),('53c1cc51-432e-418a-a6f5-c4c514319c66','MERAN','Mề Rán',NULL,'1f60e54f-196f-45f3-5498-ae38c5379e4b',NULL,'Món này dành cho dân nhậu',60000.0000,NULL,0.0000,'Nguyễn Anh Quân','2023-08-31 09:19:18','Nguyễn Anh Quân','2023-08-31 09:19:18',0,0),('5467171f-c040-496c-91c4-04a323f96572','CLL','Chả lá lốt','27f91d6c-14b1-6c74-92ef-c9d5c2d91e91','6827e1c0-5b98-6d19-831b-27d9d367aeb0','142cb08f-7c31-21fa-8e90-67245e8b283e',NULL,30000.0000,NULL,10000.0000,'Nguyễn Anh Quân','2023-04-23 13:24:22','Nguyễn Anh Quân','2023-04-23 13:24:22',0,0),('548d3f84-5db4-4dee-b130-37db50cf60c1','CCL','Củ cải luộc','3e39129b-279f-623f-88ea-778aee59fea3','3650c04e-62b1-6908-5598-ae38c5379e4b','469b3ece-744a-45d5-957d-e8c757976496',NULL,50000.0000,NULL,50000.0000,'Nguyễn Anh Quân','2023-04-19 23:42:12','Nguyễn Anh Quân','2023-04-19 23:42:12',1,0),('54e860ef-a383-4daa-80c6-630e3c3854a2','GQBK17','Gà quay Bắc Kinh','3e39129b-279f-623f-88ea-778aee59fea3','6827e1c0-5b98-6d19-831b-27d9d367aeb0','469b3ece-744a-45d5-957d-e8c757976496',NULL,200000.0000,NULL,180000.0000,'Nguyễn Anh Quân','2023-05-03 08:14:17','Nguyễn Anh Quân','2023-05-03 08:14:17',0,0),('550d9489-28e9-4194-a38c-1ec25e828798','THITKHOTAU','Thịt kho tàu','27f91d6c-14b1-6c74-92ef-c9d5c2d91e91','6827e1c0-5b98-6d19-831b-27d9d367aeb0',NULL,NULL,30000.0000,NULL,20000.0000,'Nguyễn Anh Quân','2023-05-03 08:14:29','Nguyễn Anh Quân','2023-05-03 08:14:29',0,0),('556f78cd-86d8-4dcd-bf0d-b03b1a204cfd','CUM23','Cá ướp muối',NULL,'6827e1c0-5b98-6d19-831b-27d9d367aeb0',NULL,NULL,20000.0000,NULL,0.0000,'Nguyễn Anh Quân','2023-05-03 08:17:00','Nguyễn Anh Quân','2023-05-03 08:17:00',0,0),('57e01eac-1bd6-4bc3-ba56-5b9e449eae4e','TRMC8','Tôm rang me chua','6528b15d-6674-724f-79a4-4b24de418577','3650c04e-62b1-6908-5598-ae38c5379e4b','469b3ece-744a-45d5-957d-e8c757976496',NULL,50000.0000,NULL,50000.0000,'Nguyễn Anh Quân','2023-05-03 08:14:09','Nguyễn Anh Quân','2023-05-03 08:14:09',1,0),('580f8532-4d49-4bf7-b2c0-867020e86089','LMXT13','Lợn mán xào tỏi','6528b15d-6674-724f-79a4-4b24de418577','6827e1c0-5b98-6d19-831b-27d9d367aeb0','4e272fc4-7875-78d6-7d32-6a1673ffca7c','Lợn ngon',20.0000,NULL,100000.0000,'Nguyễn Anh Quân','2023-05-03 08:14:19','Nguyễn Anh Quân','2023-05-03 08:14:19',1,0),('5820c0d1-ca88-49a3-9c81-f7f0331db0ac','NR2','Nem rán','34e2b4cc-3758-293d-7aa4-4b24de418577','6827e1c0-5b98-6d19-831b-27d9d367aeb0',NULL,NULL,22222.0000,NULL,13000.0000,'Nguyễn Anh Quân','2023-05-03 08:15:31','Nguyễn Anh Quân','2023-05-03 08:15:31',0,0),('58222892-1e69-4633-b93e-7ee137c4914d','TNCT11','Thịt nướng cháy tỏi','3e39129b-279f-623f-88ea-778aee59fea3','6827e1c0-5b98-6d19-831b-27d9d367aeb0',NULL,NULL,0.0000,NULL,0.0000,'Nguyễn Anh Quân','2023-05-03 08:11:01','Nguyễn Anh Quân','2023-05-03 08:11:01',0,0),('585ffa54-c5c2-4099-88e3-f76f7dd6429f','CUM19','Cá ướp muối',NULL,'6827e1c0-5b98-6d19-831b-27d9d367aeb0',NULL,NULL,20000.0000,NULL,0.0000,'Nguyễn Anh Quân','2023-05-03 08:16:51','Nguyễn Anh Quân','2023-05-03 08:16:51',0,0),('5a024dcf-b3be-4326-9990-cfc97dba2d3c','RML19','Rau muống luộc','3e39129b-279f-623f-88ea-778aee59fea3','3650c04e-62b1-6908-5598-ae38c5379e4b','469b3ece-744a-45d5-957d-e8c757976496',NULL,50000.0000,NULL,50000.0000,'Nguyễn Anh Quân','2023-05-03 08:18:12','Nguyễn Anh Quân','2023-05-03 08:18:12',1,0),('5a9ee5d4-830e-40a0-8b16-a6380ac024bb','TOMNONXAO','Tôm nõn xào',NULL,'6827e1c0-5b98-6d19-831b-27d9d367aeb0',NULL,NULL,200000.0000,'ae1d717a-923e-4dd1-98a0-7e49186b44de.jpg',0.0000,'Nguyễn Anh Quân','2023-05-03 08:15:26','Nguyễn Anh Quân','2023-05-03 08:15:26',0,0),('5aa9c6e4-016d-4975-8c5d-c606476831f8','THITNUONG','Thịt nướng',NULL,'6827e1c0-5b98-6d19-831b-27d9d367aeb0',NULL,NULL,20000.0000,NULL,0.0000,'Nguyễn Anh Quân','2023-05-03 08:15:17','Nguyễn Anh Quân','2023-05-03 08:15:17',0,0),('5ace3663-46ea-4586-a98e-41eab896d97a','TH16','Trứng hấp','27f91d6c-14b1-6c74-92ef-c9d5c2d91e91','3650c04e-62b1-6908-5598-ae38c5379e4b','142cb08f-7c31-21fa-8e90-67245e8b283e','Trứng gà',30000.0000,NULL,20000.0000,'Nguyễn Anh Quân','2023-05-03 08:10:27','Nguyễn Anh Quân','2023-05-03 08:10:27',1,0),('5c94817c-87f7-4ee4-b952-e616874d19be','THITHEOXAONAM','Thịt heo xào nấm',NULL,'6827e1c0-5b98-6d19-831b-27d9d367aeb0',NULL,NULL,120000.0000,NULL,100000.0000,'Nguyễn Anh Quân','2023-05-03 08:16:26','Nguyễn Anh Quân','2023-05-03 08:16:26',0,0),('5c97ec41-ec98-486a-94e2-e5e5fccb03f4','THITBOXAORAUCANTAY','Thịt bò xào rau cần tây ','34e2b4cc-3758-293d-7aa4-4b24de418577','6827e1c0-5b98-6d19-831b-27d9d367aeb0',NULL,NULL,200000.0000,NULL,180000.0000,'Nguyễn Anh Quân','2023-05-03 08:15:36','Nguyễn Anh Quân','2023-05-03 08:15:36',0,0),('5ca75885-eb93-45b6-97a6-3198febd5ba5','HAUSONGVATCHANH','Hàu sống vắt chanh',NULL,'3650c04e-62b1-6908-5598-ae38c5379e4b',NULL,NULL,200000.0000,NULL,100000.0000,'Nguyễn Anh Quân','2023-05-03 08:13:45','Nguyễn Anh Quân','2023-05-03 08:13:45',0,0),('5cdae440-a9ac-4a33-bc9e-f61e6e9dd1e2','TXHK17','Tôm xào hành khô','30007451-29ff-4fe4-3707-70859f4ff30d','1f60e54f-196f-45f3-5498-ae38c5379e4b',NULL,NULL,20000.0000,'359d6d44-eec7-4ddf-857c-eab704a81af0.jpg',0.0000,'Nguyễn Anh Quân','2023-05-03 08:18:29','Nguyễn Anh Quân','2023-05-03 08:18:29',0,0),('5d56cf80-e3aa-4a6a-8226-987250c4407e','CUM13','Cá ướp muối',NULL,'6827e1c0-5b98-6d19-831b-27d9d367aeb0',NULL,NULL,20000.0000,NULL,0.0000,'Nguyễn Anh Quân','2023-05-03 08:09:36','Nguyễn Anh Quân','2023-05-03 08:09:36',0,0),('5e54674c-2935-4a81-9c7e-e8ca8b771462','THITGACHIEN','Thịt gà chiên',NULL,'6827e1c0-5b98-6d19-831b-27d9d367aeb0',NULL,NULL,300000.0000,NULL,150000.0000,'Nguyễn Anh Quân','2023-05-03 08:16:21','Nguyễn Anh Quân','2023-05-03 08:16:21',0,0),('5ed2c314-9545-4e40-a2da-973716a6d2d3','LE3','Lẩu ếch',NULL,'1f60e54f-196f-45f3-5498-ae38c5379e4b',NULL,NULL,200000.0000,NULL,180000.0000,'Nguyễn Anh Quân','2023-05-03 08:14:54','Nguyễn Anh Quân','2023-05-03 08:14:54',0,0),('5fa3a5b1-58c3-434d-b797-506f6373b94b','MN9','Mực nướng',NULL,'6827e1c0-5b98-6d19-831b-27d9d367aeb0',NULL,NULL,300000.0000,NULL,20000.0000,'Nguyễn Anh Quân','2023-05-03 08:15:20','Nguyễn Anh Quân','2023-05-03 08:15:20',0,0),('609df80b-1d47-47fa-ab40-799b6940aae4','DDL','Đủ đủ luộc','3e39129b-279f-623f-88ea-778aee59fea3','6827e1c0-5b98-6d19-831b-27d9d367aeb0',NULL,NULL,20000.0000,NULL,0.0000,'Nguyễn Anh Quân','2023-04-29 23:38:37','Nguyễn Anh Quân','2023-04-29 23:38:37',0,0),('61bf77d5-cef2-44e4-80b3-1280f5e7c29d','TKTTD','Thịt kho tàu trứng dừa','6528b15d-6674-724f-79a4-4b24de418577','6827e1c0-5b98-6d19-831b-27d9d367aeb0',NULL,NULL,190000.0000,NULL,150000.0000,'Nguyễn Anh Quân','2023-05-01 00:10:34','Nguyễn Anh Quân','2023-05-01 00:10:34',0,0),('61d14de0-a52e-49c8-9ebb-a7cf850118c8','OHH11','Ốc hương hấp',NULL,'3650c04e-62b1-6908-5598-ae38c5379e4b',NULL,NULL,20000.0000,NULL,0.0000,'Nguyễn Anh Quân','2023-05-03 08:16:41','Nguyễn Anh Quân','2023-05-03 08:16:41',0,0),('61f879a0-ec58-4e05-8414-34fed387de9c','CACHIENRON','Cá chiên ròn','34e2b4cc-3758-293d-7aa4-4b24de418577','3650c04e-62b1-6908-5598-ae38c5379e4b',NULL,NULL,20000.0000,'a2b1b18b-4ce8-43fa-95f0-ceeedf4ff7f9.jpg',10000.0000,'Nguyễn Anh Quân','2023-05-03 08:15:06','Nguyễn Anh Quân','2023-05-03 08:15:06',0,0),('62b94088-4ddf-48d4-ac0e-a05cf4211a51','THITGARANG','Thịt gà rang ','6528b15d-6674-724f-79a4-4b24de418577','6827e1c0-5b98-6d19-831b-27d9d367aeb0',NULL,'Gà Bắc Giang cực ngon',100000.0000,NULL,20000.0000,'Nguyễn Anh Quân','2023-05-03 08:12:17','Nguyễn Anh Quân','2023-05-03 08:12:17',0,0),('62e99735-92e4-432b-a999-809f17510de2','GATO','Gato','30007451-29ff-4fe4-3707-70859f4ff30d','3650c04e-62b1-6908-5598-ae38c5379e4b',NULL,NULL,10000.0000,NULL,90000.0000,'Nguyễn Anh Quân','2023-08-29 15:01:43','Nguyễn Anh Quân','2023-08-29 15:01:43',0,0),('637254bb-d027-44a2-a7dc-40c29f104b99','CB','Chè bưởi','6528b15d-6674-724f-79a4-4b24de418577','3650c04e-62b1-6908-5598-ae38c5379e4b',NULL,NULL,10000.0000,NULL,20000.0000,'Nguyễn Anh Quân','2023-04-28 21:50:13','Nguyễn Anh Quân','2023-04-28 21:50:13',0,0),('63baf15c-2175-4b69-86ea-9c627a333b06','CRYM20','Cơm rang yến mạch','6528b15d-6674-724f-79a4-4b24de418577','3650c04e-62b1-6908-5598-ae38c5379e4b','469b3ece-744a-45d5-957d-e8c757976496',NULL,50000.0000,NULL,50000.0000,'Nguyễn Anh Quân','2023-05-03 08:17:18','Nguyễn Anh Quân','2023-05-03 08:17:18',1,0),('642b741d-f5dc-490e-8c52-e21cf30b2cf2','RAUMUONGLUOC','Rau muống luộc','3e39129b-279f-623f-88ea-778aee59fea3','3650c04e-62b1-6908-5598-ae38c5379e4b','469b3ece-744a-45d5-957d-e8c757976496',NULL,50000.0000,NULL,50000.0000,'Nguyễn Anh Quân','2023-05-03 08:10:03','Nguyễn Anh Quân','2023-05-03 08:10:03',1,0),('645e707d-4e9b-4184-a3ff-8abc7467d107','GHT','Gà hấp tỏi','34e2b4cc-3758-293d-7aa4-4b24de418577','3650c04e-62b1-6908-5598-ae38c5379e4b',NULL,NULL,0.0000,NULL,0.0000,'Nguyễn Anh Quân','2023-05-02 11:19:14','Nguyễn Anh Quân','2023-05-02 11:19:14',0,0),('649bbbdb-37b8-4afc-8c5b-a9e444582e0b','LMXT11','Lợn mán xào tỏi','6528b15d-6674-724f-79a4-4b24de418577','6827e1c0-5b98-6d19-831b-27d9d367aeb0','4e272fc4-7875-78d6-7d32-6a1673ffca7c','Lợn ngon',20.0000,NULL,100000.0000,'Nguyễn Anh Quân','2023-05-03 08:10:22','Nguyễn Anh Quân','2023-05-03 08:10:22',1,0),('653c98e2-8813-4dd6-a187-a9f04b6329a6','LE2','Lẩu ếch',NULL,'1f60e54f-196f-45f3-5498-ae38c5379e4b',NULL,NULL,200000.0000,NULL,180000.0000,'Nguyễn Anh Quân','2023-05-03 08:10:56','Nguyễn Anh Quân','2023-05-03 08:10:56',0,0),('65bf987b-71a1-44c7-aa0d-0362cdb965db','BCMD','Bánh cuốn Mỹ Độ','3e39129b-279f-623f-88ea-778aee59fea3','6827e1c0-5b98-6d19-831b-27d9d367aeb0',NULL,'Bánh cuốn Mỹ Độ Bắc Giang',200000.0000,'eff67708-4173-4b0f-92d7-f843680fc5c7.jpg',100000.0000,'Nguyễn Anh Quân','2023-05-03 08:52:24','Nguyễn Anh Quân','2023-05-03 08:52:24',1,0),('668ab20b-5296-43ab-b081-87c82a7a5750','GXHD','Gà xào hạt điều','27f91d6c-14b1-6c74-92ef-c9d5c2d91e91','6827e1c0-5b98-6d19-831b-27d9d367aeb0',NULL,NULL,20000.0000,NULL,0.0000,'Nguyễn Anh Quân','2023-04-22 13:20:51','Nguyễn Anh Quân','2023-04-22 13:20:51',0,0),('67addd36-c44f-4cc5-b9e8-7e08570404d4','CUM29','Cá ướp muối',NULL,'6827e1c0-5b98-6d19-831b-27d9d367aeb0',NULL,NULL,20000.0000,NULL,0.0000,'Nguyễn Anh Quân','2023-05-03 08:17:08','Nguyễn Anh Quân','2023-05-03 08:17:08',0,0),('682b112d-840b-4887-b2a5-893f13cc4e33','CUM22','Cá ướp muối',NULL,'6827e1c0-5b98-6d19-831b-27d9d367aeb0',NULL,NULL,20000.0000,NULL,0.0000,'Nguyễn Anh Quân','2023-05-03 08:16:58','Nguyễn Anh Quân','2023-05-03 08:16:58',0,0),('68402b33-44b2-478d-b0d0-e1bb58fe640b','TXMD2','Trứng xào mướp đắng','27f91d6c-14b1-6c74-92ef-c9d5c2d91e91','6827e1c0-5b98-6d19-831b-27d9d367aeb0',NULL,NULL,15000.0000,NULL,10000.0000,'Nguyễn Anh Quân','2023-05-03 08:15:14','Nguyễn Anh Quân','2023-05-03 08:15:14',0,0),('68573ce8-9856-4ace-b300-25d971e65f2b','CUM10','Cá ướp muối',NULL,'6827e1c0-5b98-6d19-831b-27d9d367aeb0',NULL,NULL,20000.0000,NULL,0.0000,'Nguyễn Anh Quân','2023-05-03 08:09:33','Nguyễn Anh Quân','2023-05-03 08:09:33',0,0),('68d3d252-0a71-4589-988e-0a8507748db4','OHH7','Ốc hương hấp',NULL,'3650c04e-62b1-6908-5598-ae38c5379e4b',NULL,NULL,20000.0000,NULL,0.0000,'Nguyễn Anh Quân','2023-05-03 08:09:05','Nguyễn Anh Quân','2023-05-03 08:09:05',0,0),('68f32bbd-0d86-475e-b1f4-229129658836','SV18','Sốt vang','27f91d6c-14b1-6c74-92ef-c9d5c2d91e91','1f60e54f-196f-45f3-5498-ae38c5379e4b',NULL,NULL,50000.0000,NULL,0.0000,'Nguyễn Anh Quân','2023-05-03 08:14:14','Nguyễn Anh Quân','2023-05-03 08:14:14',0,0),('68fab583-dc0b-423a-a038-ae0ee41710a7','LONMANXAOTOI','Lợn mán xào tỏi','6528b15d-6674-724f-79a4-4b24de418577','6827e1c0-5b98-6d19-831b-27d9d367aeb0','4e272fc4-7875-78d6-7d32-6a1673ffca7c','Lợn ngon',20.0000,'6107ae01-be23-4709-9d43-137febc32ad6.jpg',100000.0000,'Nguyễn Anh Quân','2023-04-26 16:16:13','Nguyễn Anh Quân','2023-04-26 16:16:13',1,0),('69aeca36-a705-4603-b61a-95fdb4d37b57','NC5','Nộm chuối','30007451-29ff-4fe4-3707-70859f4ff30d','1f60e54f-196f-45f3-5498-ae38c5379e4b','469b3ece-744a-45d5-957d-e8c757976496','Chuối quê',100.0000,NULL,120.0000,'Nguyễn Anh Quân','2023-05-03 08:18:34','Nguyễn Anh Quân','2023-05-03 08:18:34',1,0),('6a1518f3-4ee7-426e-ba87-69e9a314acd3','LE1','Lẩu ếch',NULL,'1f60e54f-196f-45f3-5498-ae38c5379e4b',NULL,NULL,200000.0000,NULL,180000.0000,'Nguyễn Anh Quân','2023-05-03 08:10:49','Nguyễn Anh Quân','2023-05-03 08:10:49',0,0),('6a618d22-24c9-4abc-bdcc-1623f720a91b','CRYM16','Cơm rang yến mạch','6528b15d-6674-724f-79a4-4b24de418577','3650c04e-62b1-6908-5598-ae38c5379e4b','469b3ece-744a-45d5-957d-e8c757976496',NULL,50000.0000,NULL,50000.0000,'Nguyễn Anh Quân','2023-05-03 08:10:09','Nguyễn Anh Quân','2023-05-03 08:10:09',1,0),('6b7f2562-9044-4d61-a9ea-27aa38cb70c3','VOS15','Vịt om sấu',NULL,'3650c04e-62b1-6908-5598-ae38c5379e4b',NULL,NULL,200000.0000,NULL,0.0000,'Nguyễn Anh Quân','2023-05-03 08:17:34','Nguyễn Anh Quân','2023-05-03 08:17:34',0,0),('6c1f1b68-89fd-4aab-a2e9-09fb2d27d456','CCR11','Cá chuối rán','6528b15d-6674-724f-79a4-4b24de418577','6827e1c0-5b98-6d19-831b-27d9d367aeb0',NULL,NULL,200000.0000,NULL,100000.0000,'Nguyễn Anh Quân','2023-05-03 08:16:07','Nguyễn Anh Quân','2023-05-03 08:16:07',0,0),('6c2a7142-26c8-4d2f-9b06-950a5830b69c','STB22','Sinh tố bơ','34e2b4cc-3758-293d-7aa4-4b24de418577','3650c04e-62b1-6908-5598-ae38c5379e4b','469b3ece-744a-45d5-957d-e8c757976496',NULL,50000.0000,NULL,50000.0000,'Nguyễn Anh Quân','2023-05-03 08:17:45','Nguyễn Anh Quân','2023-05-03 08:17:45',1,0),('6c9c3fab-d85c-4d36-aa22-9e2f5bb23b0f','CUM30','Cá ướp muối',NULL,'6827e1c0-5b98-6d19-831b-27d9d367aeb0',NULL,NULL,20000.0000,NULL,0.0000,'Nguyễn Anh Quân','2023-05-03 08:17:09','Nguyễn Anh Quân','2023-05-03 08:17:09',0,0),('6cdd3e07-d6e7-4212-9964-5f9f17ba40c4','YX','Yến Xào',NULL,'3650c04e-62b1-6908-5598-ae38c5379e4b','469b3ece-744a-45d5-957d-e8c757976496',NULL,200000.0000,'c10b1767-169b-4cfa-b427-2643858ec951.jpg',160000.0000,'Nguyễn Anh Quân','2023-05-10 15:15:30','Nguyễn Anh Quân','2023-05-10 15:15:30',1,0),('6dc33710-faf9-44f9-9b51-4e5abe4b8014','CRT','Cơm rang thịt','6528b15d-6674-724f-79a4-4b24de418577','6827e1c0-5b98-6d19-831b-27d9d367aeb0',NULL,NULL,0.0000,NULL,0.0000,'Nguyễn Anh Quân','2023-04-29 00:01:51','Nguyễn Anh Quân','2023-04-29 00:01:51',0,0),('6f3c00ef-ec06-4b0d-9526-a05c40cc7e4b','CR1','Canh riêu',NULL,'3650c04e-62b1-6908-5598-ae38c5379e4b',NULL,NULL,100000.0000,NULL,80000.0000,'Nguyễn Anh Quân','2023-05-03 01:29:42','Nguyễn Anh Quân','2023-05-03 01:29:42',0,0),('6fa543d5-74c7-4c4c-b240-83e5efa8dfb2','CACHUOIRAN','Cá chuối rán','6528b15d-6674-724f-79a4-4b24de418577','6827e1c0-5b98-6d19-831b-27d9d367aeb0',NULL,NULL,200000.0000,NULL,100000.0000,'Nguyễn Anh Quân','2023-05-02 09:48:44','Nguyễn Anh Quân','2023-05-02 09:48:44',0,0),('6fd6c45b-1e08-4176-b53e-f71c0a38647e','CACHEPHAPBIA','Cá chép hấp bia',NULL,'3650c04e-62b1-6908-5598-ae38c5379e4b',NULL,NULL,300000.0000,NULL,0.0000,'Nguyễn Anh Quân','2023-05-03 08:13:47','Nguyễn Anh Quân','2023-05-03 08:13:47',0,0),('706c0cc3-9fdf-449c-b9d4-d07ec483b31c','TRMC7','Tôm rang me chua','6528b15d-6674-724f-79a4-4b24de418577','3650c04e-62b1-6908-5598-ae38c5379e4b','469b3ece-744a-45d5-957d-e8c757976496',NULL,50000.0000,NULL,50000.0000,'Nguyễn Anh Quân','2023-05-03 08:12:03','Nguyễn Anh Quân','2023-05-03 08:12:03',1,0),('70990f78-68af-4416-99f0-68cf73473318','CHALALOT','Chả lá lốt','27f91d6c-14b1-6c74-92ef-c9d5c2d91e91','6827e1c0-5b98-6d19-831b-27d9d367aeb0','142cb08f-7c31-21fa-8e90-67245e8b283e',NULL,30000.0000,NULL,10000.0000,'Nguyễn Anh Quân','2023-04-26 08:56:11','Nguyễn Anh Quân','2023-04-26 08:56:11',0,0),('709f10de-59be-4f30-9332-05db1f52b73c','TNCT14','Thịt nướng cháy tỏi','3e39129b-279f-623f-88ea-778aee59fea3','6827e1c0-5b98-6d19-831b-27d9d367aeb0',NULL,NULL,0.0000,NULL,0.0000,'Nguyễn Anh Quân','2023-05-03 08:17:33','Nguyễn Anh Quân','2023-05-03 08:17:33',0,0),('713b74d1-ce7f-416d-859f-b1370ac79b01','HAUNUONG','Hàu nướng ','27f91d6c-14b1-6c74-92ef-c9d5c2d91e91','1f60e54f-196f-45f3-5498-ae38c5379e4b','142cb08f-7c31-21fa-8e90-67245e8b283e','Cực ngon',2000000.0000,NULL,100000.0000,'Nguyễn Anh Quân','2023-05-03 08:14:20','Nguyễn Anh Quân','2023-05-03 08:14:20',1,0),('718a1290-360f-4168-9c8a-dd474091a136','NXT11','Ngô xào tép','27f91d6c-14b1-6c74-92ef-c9d5c2d91e91','13a507d0-342d-6292-6de3-2ceaa9cf3765','142cb08f-7c31-21fa-8e90-67245e8b283e',NULL,20000.0000,NULL,0.0000,'Nguyễn Anh Quân','2023-05-03 08:17:14','Nguyễn Anh Quân','2023-05-03 08:17:14',1,0),('71ac6959-5e9a-412f-b599-e5b82b465026','NC2','Nộm chuối','30007451-29ff-4fe4-3707-70859f4ff30d','1f60e54f-196f-45f3-5498-ae38c5379e4b','469b3ece-744a-45d5-957d-e8c757976496','Chuối quê',100.0000,NULL,120.0000,'Nguyễn Anh Quân','2023-05-03 08:14:27','Nguyễn Anh Quân','2023-05-03 08:14:27',1,0),('71b0f0d9-45b6-4aac-bc5d-d894c70c097f','DXT','Đỗ xào tỏi','27f91d6c-14b1-6c74-92ef-c9d5c2d91e91','6827e1c0-5b98-6d19-831b-27d9d367aeb0','142cb08f-7c31-21fa-8e90-67245e8b283e',NULL,15000.0000,'c8f6c3e9-bc37-40b0-9952-60b242f7e917.jpg',10000.0000,'Nguyễn Anh Quân','2023-04-27 19:22:58','Nguyễn Anh Quân','2023-04-27 19:22:58',0,0),('727f7b75-078c-41c8-bcd1-b6fb5afff989','CR14','Canh riêu',NULL,'3650c04e-62b1-6908-5598-ae38c5379e4b',NULL,NULL,100000.0000,NULL,80000.0000,'Nguyễn Anh Quân','2023-05-03 08:16:38','Nguyễn Anh Quân','2023-05-03 08:16:38',0,0),('729063ba-42a1-4de3-b868-6ab744b8cb17','CR2','Canh riêu',NULL,'3650c04e-62b1-6908-5598-ae38c5379e4b',NULL,NULL,100000.0000,NULL,80000.0000,'Nguyễn Anh Quân','2023-05-03 08:06:32','Nguyễn Anh Quân','2023-05-03 08:06:32',0,0),('73370ec1-5bad-4053-bbb0-030b1b8888e4','CANHNGAOCACHUA','Canh ngao cà chua','30007451-29ff-4fe4-3707-70859f4ff30d','3650c04e-62b1-6908-5598-ae38c5379e4b','469b3ece-744a-45d5-957d-e8c757976496',NULL,50000.0000,NULL,50000.0000,'Nguyễn Anh Quân','2023-05-03 08:09:50','Nguyễn Anh Quân','2023-05-03 08:09:50',1,0),('7362c096-41b2-4f88-9c1d-3262827d0a25','CR6','Canh riêu',NULL,'3650c04e-62b1-6908-5598-ae38c5379e4b',NULL,NULL,100000.0000,NULL,80000.0000,'Nguyễn Anh Quân','2023-05-03 08:08:44','Nguyễn Anh Quân','2023-05-03 08:08:44',0,0),('73f243b2-2243-4926-9f02-e7a6c9f45854','CKT','Cá kho tương','6528b15d-6674-724f-79a4-4b24de418577','3650c04e-62b1-6908-5598-ae38c5379e4b','469b3ece-744a-45d5-957d-e8c757976496',NULL,20000.0000,'96ce7d20-f742-4b5b-8314-b78d54663b4c.jpg',14000.0000,'Nguyễn Anh Quân','2023-04-27 20:40:21','Nguyễn Anh Quân','2023-04-27 20:40:21',0,0),('74129b40-4359-48ac-88f6-870f581404b2','NCR11','Nem chua rán','6528b15d-6674-724f-79a4-4b24de418577','6827e1c0-5b98-6d19-831b-27d9d367aeb0','142cb08f-7c31-21fa-8e90-67245e8b283e','Nem chua rán ',80000.0000,NULL,20000.0000,'Nguyễn Anh Quân','2023-05-03 08:18:17','Nguyễn Anh Quân','2023-05-03 08:18:17',0,0),('74188589-ab3e-4ef4-b507-a23485cbdde1','TGC','Thịt gà chiên',NULL,'6827e1c0-5b98-6d19-831b-27d9d367aeb0',NULL,NULL,300000.0000,NULL,150000.0000,'Nguyễn Anh Quân','2023-05-02 10:19:28','Nguyễn Anh Quân','2023-05-02 10:19:28',0,0),('74723ff0-0c67-40d0-8a0d-e94eb2b47ac2','SOLONGHAP','Sò lông hấp','3e39129b-279f-623f-88ea-778aee59fea3','6827e1c0-5b98-6d19-831b-27d9d367aeb0',NULL,NULL,10000.0000,NULL,20000.0000,'Nguyễn Anh Quân','2023-05-03 08:13:31','Nguyễn Anh Quân','2023-05-03 08:13:31',0,0),('74977901-00f8-4c3e-a17d-a1b9b91675da','TKTTD3','Thịt kho tàu trứng dừa','6528b15d-6674-724f-79a4-4b24de418577','6827e1c0-5b98-6d19-831b-27d9d367aeb0',NULL,NULL,190000.0000,NULL,150000.0000,'Nguyễn Anh Quân','2023-05-03 08:15:34','Nguyễn Anh Quân','2023-05-03 08:15:34',0,0),('760c74c2-4e5c-4bb5-acf5-937c1cd4c9b5','CCM','Cá ướp muối',NULL,'6827e1c0-5b98-6d19-831b-27d9d367aeb0',NULL,NULL,20000.0000,NULL,0.0000,'Nguyễn Anh Quân','2023-05-02 21:36:16','Nguyễn Anh Quân','2023-05-02 21:36:16',0,0),('772df9db-911a-4da7-94fc-30baeffe53e5','NC1','Nộm chuối','30007451-29ff-4fe4-3707-70859f4ff30d','1f60e54f-196f-45f3-5498-ae38c5379e4b','469b3ece-744a-45d5-957d-e8c757976496','Chuối quê',210000.0000,'71549667-9a66-4219-b608-aa55b37d4e7b.jpg',100000.0000,'Nguyễn Anh Quân','2023-05-03 08:10:47','Nguyễn Anh Quân','2023-05-03 08:10:47',1,0),('77c92c71-9470-41e6-929c-13e10bdb1436','CKT16','Cá kho tộ','3e39129b-279f-623f-88ea-778aee59fea3','6827e1c0-5b98-6d19-831b-27d9d367aeb0',NULL,NULL,200000.0000,NULL,14000.0000,'Nguyễn Anh Quân','2023-05-03 08:16:30','Nguyễn Anh Quân','2023-05-03 08:16:30',0,0),('785f5243-4f3b-45d8-bfe6-d8254433c2f1','BABARANGMUOI','Ba ba rang muối',NULL,'6827e1c0-5b98-6d19-831b-27d9d367aeb0',NULL,NULL,2000.0000,NULL,0.0000,'Nguyễn Anh Quân','2023-05-03 08:15:51','Nguyễn Anh Quân','2023-05-03 08:15:51',0,0),('78642283-8dff-434a-be9a-f0a396a48cde','SLH11','Sò lông hấp','3e39129b-279f-623f-88ea-778aee59fea3','6827e1c0-5b98-6d19-831b-27d9d367aeb0',NULL,NULL,10000.0000,NULL,20000.0000,'Nguyễn Anh Quân','2023-05-03 08:18:08','Nguyễn Anh Quân','2023-05-03 08:18:08',0,0),('78a4a69d-bc09-438c-a3a2-3490d8387eb7','DCD','Đừng Có đói','34e2b4cc-3758-293d-7aa4-4b24de418577','3650c04e-62b1-6908-5598-ae38c5379e4b',NULL,NULL,21301.0000,NULL,0.0000,'Nguyễn Anh Quân','2023-08-31 14:05:22','Nguyễn Anh Quân','2023-08-31 14:05:22',0,0),('78b905c6-a515-40cf-b02d-15673257b6e8','GATO1','Gato','30007451-29ff-4fe4-3707-70859f4ff30d','3650c04e-62b1-6908-5598-ae38c5379e4b',NULL,NULL,10000.0000,NULL,90000.0000,'Nguyễn Anh Quân','2023-08-31 08:21:56','Nguyễn Anh Quân','2023-08-31 08:21:56',0,0),('78dbafc8-2de2-4ec2-bb21-1beadb833e1e','CLXM','Cút lộn xào me','27f91d6c-14b1-6c74-92ef-c9d5c2d91e91','6827e1c0-5b98-6d19-831b-27d9d367aeb0','142cb08f-7c31-21fa-8e90-67245e8b283e',NULL,50000.0000,NULL,50000.0000,'Nguyễn Anh Quân','2023-04-19 23:35:35','Nguyễn Anh Quân','2023-04-19 23:35:35',1,0),('78e10a74-7c07-4bf1-856d-e17208a9b86a','LMXT18','Lợn mán xào tỏi','6528b15d-6674-724f-79a4-4b24de418577','6827e1c0-5b98-6d19-831b-27d9d367aeb0','4e272fc4-7875-78d6-7d32-6a1673ffca7c','Lợn ngon',20.0000,'6107ae01-be23-4709-9d43-137febc32ad6.jpg',100000.0000,'Nguyễn Anh Quân','2023-05-03 08:18:27','Nguyễn Anh Quân','2023-05-03 08:18:27',1,0),('7914629a-34b9-408e-8e86-ff8447ed87fe','TND16','Trà nhiệt đới','34e2b4cc-3758-293d-7aa4-4b24de418577','3650c04e-62b1-6908-5598-ae38c5379e4b','469b3ece-744a-45d5-957d-e8c757976496',NULL,50000.0000,NULL,50000.0000,'Nguyễn Anh Quân','2023-05-03 08:17:59','Nguyễn Anh Quân','2023-05-03 08:17:59',1,0),('792e8981-404d-43fd-9402-4c8d9c81b148','GXHD17','Gà xào hạt điều','27f91d6c-14b1-6c74-92ef-c9d5c2d91e91','6827e1c0-5b98-6d19-831b-27d9d367aeb0',NULL,NULL,20000.0000,NULL,0.0000,'Nguyễn Anh Quân','2023-05-03 08:14:14','Nguyễn Anh Quân','2023-05-03 08:14:14',0,0),('79b27d39-35d1-4b1c-aebf-b72c10bf34e7','HN','Hàu nướng ','27f91d6c-14b1-6c74-92ef-c9d5c2d91e91','1f60e54f-196f-45f3-5498-ae38c5379e4b','142cb08f-7c31-21fa-8e90-67245e8b283e','Cực ngon',2000000.0000,NULL,100000.0000,'Nguyễn Anh Quân','2023-04-26 09:13:22','Nguyễn Anh Quân','2023-04-26 09:13:22',1,0),('7a76e010-3c1b-480c-b46c-e0ce7115a325','OCHUONGHAP','Ốc hương hấp',NULL,'3650c04e-62b1-6908-5598-ae38c5379e4b',NULL,NULL,20000.0000,NULL,0.0000,'Nguyễn Anh Quân','2023-05-03 08:08:49','Nguyễn Anh Quân','2023-05-03 08:08:49',0,0),('7a8bba06-5a02-4494-b69b-96ef0704278a','GQBK16','Gà quay Bắc Kinh','3e39129b-279f-623f-88ea-778aee59fea3','6827e1c0-5b98-6d19-831b-27d9d367aeb0','469b3ece-744a-45d5-957d-e8c757976496',NULL,200000.0000,NULL,180000.0000,'Nguyễn Anh Quân','2023-05-03 08:12:30','Nguyễn Anh Quân','2023-05-03 08:12:30',0,0),('7aa0a8a4-1f70-4032-ba3b-7b7def30ccf3','STB16','Sinh tố bơ','34e2b4cc-3758-293d-7aa4-4b24de418577','3650c04e-62b1-6908-5598-ae38c5379e4b','469b3ece-744a-45d5-957d-e8c757976496',NULL,50000.0000,NULL,50000.0000,'Nguyễn Anh Quân','2023-05-03 08:11:47','Nguyễn Anh Quân','2023-05-03 08:11:47',1,0),('7b634411-efe8-462c-9c6c-b3359b98736e','XOILAC','Xôi lạc ',NULL,'3650c04e-62b1-6908-5598-ae38c5379e4b',NULL,NULL,20000.0000,NULL,10000.0000,'Nguyễn Anh Quân','2023-05-03 08:15:49','Nguyễn Anh Quân','2023-05-03 08:15:49',0,0),('7b86bee2-91de-425a-9200-71ceae12808c','CG','Cháo gà',NULL,'3650c04e-62b1-6908-5598-ae38c5379e4b',NULL,NULL,20000.0000,NULL,0.0000,'Nguyễn Anh Quân','2023-04-28 23:53:27','Nguyễn Anh Quân','2023-04-28 23:53:27',0,0),('7cb4d73f-b3cf-495d-a31e-a6a2282cabde','GL','Gà luộc','3e39129b-279f-623f-88ea-778aee59fea3','3650c04e-62b1-6908-5598-ae38c5379e4b','469b3ece-744a-45d5-957d-e8c757976496',NULL,50000.0000,NULL,50000.0000,'Nguyễn Anh Quân','2023-04-19 23:41:50','Nguyễn Anh Quân','2023-04-19 23:41:50',1,0),('7d9e0133-e5ac-4dcc-afa8-9af8d0dcf653','NBKHN','Nộm bò khô Hà Nội','6528b15d-6674-724f-79a4-4b24de418577','6827e1c0-5b98-6d19-831b-27d9d367aeb0','142cb08f-7c31-21fa-8e90-67245e8b283e',NULL,20000.0000,'22739718-92e5-442b-929f-66cb660636a0.jpg',10000.0000,'Nguyễn Anh Quân','2023-05-09 13:04:43','Nguyễn Anh Quân','2023-05-09 13:04:43',0,1),('7edac213-7229-4906-8716-bfbf4ecc7b8f','RMXT15','Rau muống xào tỏi','27f91d6c-14b1-6c74-92ef-c9d5c2d91e91','6827e1c0-5b98-6d19-831b-27d9d367aeb0','142cb08f-7c31-21fa-8e90-67245e8b283e',NULL,20000.0000,NULL,20000.0000,'Nguyễn Anh Quân','2023-05-03 08:18:12','Nguyễn Anh Quân','2023-05-03 08:18:12',1,0),('7ff4a519-17b7-48cb-ba06-fb2cb860978a','TRMC','Tôm rang me chua','6528b15d-6674-724f-79a4-4b24de418577','3650c04e-62b1-6908-5598-ae38c5379e4b','469b3ece-744a-45d5-957d-e8c757976496',NULL,50000.0000,NULL,50000.0000,'Nguyễn Anh Quân','2023-04-19 23:46:26','Nguyễn Anh Quân','2023-04-19 23:46:26',1,0),('80dbde43-ed0d-447b-82c7-91e057042f3a','GAXAOHATDIEU','Gà xào hạt điều','27f91d6c-14b1-6c74-92ef-c9d5c2d91e91','6827e1c0-5b98-6d19-831b-27d9d367aeb0',NULL,NULL,20000.0000,NULL,0.0000,'Nguyễn Anh Quân','2023-05-03 08:12:06','Nguyễn Anh Quân','2023-05-03 08:12:06',0,0),('80fb99aa-d726-43e1-8d49-7155b5f2526b','COMRANGTOMHUM','Cơm rang tôm hùm','6528b15d-6674-724f-79a4-4b24de418577','6827e1c0-5b98-6d19-831b-27d9d367aeb0',NULL,NULL,500000.0000,NULL,200000.0000,'Nguyễn Anh Quân','2023-05-03 08:15:13','Nguyễn Anh Quân','2023-05-03 08:15:13',0,0),('810c83f3-6484-4fd2-8afa-25383074f071','NXLC10','Nhộng xào lá chanh',NULL,'13a507d0-342d-6292-6de3-2ceaa9cf3765',NULL,NULL,12000.0000,NULL,0.0000,'Nguyễn Anh Quân','2023-05-03 08:17:18','Nguyễn Anh Quân','2023-05-03 08:17:18',0,0),('818d211d-e259-493c-8f2e-38dbdf8e91d4','TDT','Thịt dê tái','3e39129b-279f-623f-88ea-778aee59fea3','6827e1c0-5b98-6d19-831b-27d9d367aeb0',NULL,NULL,20000.0000,NULL,0.0000,'Nguyễn Anh Quân','2023-05-02 09:31:57','Nguyễn Anh Quân','2023-05-02 09:31:57',0,0),('81f53db4-91a8-4a83-9182-d734490b0e4f','MC','Mì cay','30007451-29ff-4fe4-3707-70859f4ff30d','6827e1c0-5b98-6d19-831b-27d9d367aeb0',NULL,NULL,20000.0000,NULL,0.0000,'Nguyễn Anh Quân','2023-04-29 00:32:15','Nguyễn Anh Quân','2023-04-29 00:32:15',0,0),('83712209-fa17-48de-9b37-bece82ae68f4','TH17','Trứng hấp','27f91d6c-14b1-6c74-92ef-c9d5c2d91e91','3650c04e-62b1-6908-5598-ae38c5379e4b','142cb08f-7c31-21fa-8e90-67245e8b283e','Trứng gà',30000.0000,NULL,20000.0000,'Nguyễn Anh Quân','2023-05-03 08:14:11','Nguyễn Anh Quân','2023-05-03 08:14:11',1,0),('83af887e-ad22-4879-9666-90f840c0b4c5','TRADAOCAMSA','Trà đào cam sả','34e2b4cc-3758-293d-7aa4-4b24de418577','3650c04e-62b1-6908-5598-ae38c5379e4b','469b3ece-744a-45d5-957d-e8c757976496',NULL,50000.0000,NULL,50000.0000,'Nguyễn Anh Quân','2023-05-03 08:12:14','Nguyễn Anh Quân','2023-05-03 08:12:14',1,0),('83d472f1-26a4-4e87-bd27-070889ec4f8c','BX13','Bê xào ',NULL,'6827e1c0-5b98-6d19-831b-27d9d367aeb0',NULL,NULL,100000.0000,'05c6efe3-5fc3-427c-84a2-672c89452f53.jpg',0.0000,'Nguyễn Anh Quân','2023-05-03 08:18:09','Nguyễn Anh Quân','2023-05-03 08:18:09',0,0),('84fe95d3-7784-4dff-88b6-f7a61d3c443f','VOS14','Vịt om sấu',NULL,'3650c04e-62b1-6908-5598-ae38c5379e4b',NULL,NULL,200000.0000,NULL,0.0000,'Nguyễn Anh Quân','2023-05-03 08:15:17','Nguyễn Anh Quân','2023-05-03 08:15:17',0,0),('851fad72-a93e-424a-aa9f-b2ad9e484061','TOMSUHAP','Tôm sú hấp',NULL,'6827e1c0-5b98-6d19-831b-27d9d367aeb0',NULL,NULL,100000.0000,NULL,40000.0000,'Nguyễn Anh Quân','2023-05-03 08:11:34','Nguyễn Anh Quân','2023-05-03 08:11:34',0,0),('85b2fbf1-f1a7-4800-a11a-7da8c9632a01','HN20','Hàu nướng ','27f91d6c-14b1-6c74-92ef-c9d5c2d91e91','1f60e54f-196f-45f3-5498-ae38c5379e4b','142cb08f-7c31-21fa-8e90-67245e8b283e','Cực ngon',2000000.0000,NULL,100000.0000,'Nguyễn Anh Quân','2023-05-03 08:18:26','Nguyễn Anh Quân','2023-05-03 08:18:26',1,0),('85f4878a-5654-457e-be13-dd9720044c40','THITNGUOI','Thịt Người','30007451-29ff-4fe4-3707-70859f4ff30d','1f60e54f-196f-45f3-5498-ae38c5379e4b',NULL,NULL,90000.0000,NULL,0.0000,'Nguyễn Anh Quân','2023-08-31 08:48:28','Nguyễn Anh Quân','2023-08-31 08:48:28',0,0),('867aae50-bc4e-4569-908f-d10d14d08c97','CXBX19','Canh xương bí xanh',NULL,'3650c04e-62b1-6908-5598-ae38c5379e4b',NULL,NULL,200000.0000,NULL,100000.0000,'Nguyễn Anh Quân','2023-05-03 08:15:16','Nguyễn Anh Quân','2023-05-03 08:15:16',0,0),('867d85de-6b2e-4c56-8513-da3b99e08b64','TDDL3','Trứng đà điểu luộc','3e39129b-279f-623f-88ea-778aee59fea3','6e0dc48e-3eac-6143-9b66-a58ab8ff47ca',NULL,NULL,20000.0000,NULL,10000.0000,'Nguyễn Anh Quân','2023-05-03 08:15:35','Nguyễn Anh Quân','2023-05-03 08:15:35',0,0),('86ae0f91-0f2b-4b37-b75f-e23e9f685120','DXT20','Đỗ xào tỏi','27f91d6c-14b1-6c74-92ef-c9d5c2d91e91','6827e1c0-5b98-6d19-831b-27d9d367aeb0','142cb08f-7c31-21fa-8e90-67245e8b283e',NULL,15000.0000,'c8f6c3e9-bc37-40b0-9952-60b242f7e917.jpg',10000.0000,'Nguyễn Anh Quân','2023-05-03 08:18:30','Nguyễn Anh Quân','2023-05-03 08:18:30',0,0),('871c9945-bee1-4769-a9f5-3d3120b9db2a','GUMT','Gà ướp mắm tôm',NULL,'6827e1c0-5b98-6d19-831b-27d9d367aeb0',NULL,NULL,200000.0000,NULL,0.0000,'Nguyễn Anh Quân','2023-04-29 23:39:34','Nguyễn Anh Quân','2023-04-29 23:39:34',0,0),('87348eb8-f18c-4173-b4ea-a80c9cfe0db1','TKT','Thịt kho tàu','27f91d6c-14b1-6c74-92ef-c9d5c2d91e91','6827e1c0-5b98-6d19-831b-27d9d367aeb0',NULL,NULL,30000.0000,NULL,20000.0000,'Nguyễn Anh Quân','2023-04-28 21:39:05','Nguyễn Anh Quân','2023-04-28 21:39:05',0,0),('87da0a06-0e0e-44e8-b9b6-d018b0390d35','CXBD','Canh xương bí đỏ',NULL,'3650c04e-62b1-6908-5598-ae38c5379e4b',NULL,NULL,40000.0000,NULL,20000.0000,'Nguyễn Anh Quân','2023-04-29 11:01:54','Nguyễn Anh Quân','2023-04-29 11:01:54',0,0),('88354f5d-f303-4039-a867-afd23fbe1ae2','CR10','Canh riêu',NULL,'3650c04e-62b1-6908-5598-ae38c5379e4b',NULL,NULL,100000.0000,NULL,80000.0000,'Nguyễn Anh Quân','2023-05-03 08:16:33','Nguyễn Anh Quân','2023-05-03 08:16:33',0,0),('883686fc-322f-4e47-b285-167e19c51b14','CRYM','Cơm rang yến mạch','6528b15d-6674-724f-79a4-4b24de418577','3650c04e-62b1-6908-5598-ae38c5379e4b','469b3ece-744a-45d5-957d-e8c757976496',NULL,50000.0000,NULL,50000.0000,'Nguyễn Anh Quân','2023-04-19 23:46:00','Nguyễn Anh Quân','2023-04-19 23:46:00',1,0),('888a1cfd-dd4f-42cc-855e-6b4a7f583dcd','MONNGON','Món Ngon Lắm Đấy','30007451-29ff-4fe4-3707-70859f4ff30d','3650c04e-62b1-6908-5598-ae38c5379e4b',NULL,NULL,1230.0000,NULL,1230213.0000,'Nguyễn Anh Quân','2023-08-30 15:13:31','Nguyễn Anh Quân','2023-08-30 15:13:31',0,0),('88c2c9d4-0cdd-4263-91d1-2ab693061195','NS13','Nộm sứa',NULL,'6827e1c0-5b98-6d19-831b-27d9d367aeb0',NULL,NULL,2222.0000,NULL,22222.0000,'Nguyễn Anh Quân','2023-05-03 08:18:05','Nguyễn Anh Quân','2023-05-03 08:18:05',0,0),('88f68ab2-4a95-4644-af68-3e5f9ab77b66','CUM9','Cá ướp muối',NULL,'6827e1c0-5b98-6d19-831b-27d9d367aeb0',NULL,NULL,20000.0000,NULL,0.0000,'Nguyễn Anh Quân','2023-05-03 08:09:31','Nguyễn Anh Quân','2023-05-03 08:09:31',0,0),('895ae22e-3f69-42dc-aa99-3ee2416dff9f','NS12','Nộm sứa',NULL,'6827e1c0-5b98-6d19-831b-27d9d367aeb0',NULL,NULL,2222.0000,NULL,22222.0000,'Nguyễn Anh Quân','2023-05-03 08:15:33','Nguyễn Anh Quân','2023-05-03 08:15:33',0,0),('898eeb29-2585-4671-9ac1-799a708f8a56','BOXAOHANHTAY','Bò xào hành tây',NULL,'6827e1c0-5b98-6d19-831b-27d9d367aeb0',NULL,NULL,200000.0000,NULL,0.0000,'Nguyễn Anh Quân','2023-05-03 08:16:00','Nguyễn Anh Quân','2023-05-03 08:16:00',0,0),('89e7d433-cbc1-4f0f-9923-25038d44c918','NR','Nem rán','34e2b4cc-3758-293d-7aa4-4b24de418577','6827e1c0-5b98-6d19-831b-27d9d367aeb0',NULL,NULL,22222.0000,NULL,13000.0000,'Nguyễn Anh Quân','2023-04-30 23:55:28','Nguyễn Anh Quân','2023-04-30 23:55:28',0,0),('8a032abc-fa21-4464-9e45-00e54e5502b7','NDN','Nước đậu nành','34e2b4cc-3758-293d-7aa4-4b24de418577','3650c04e-62b1-6908-5598-ae38c5379e4b','469b3ece-744a-45d5-957d-e8c757976496',NULL,20000.0000,'983c1170-8f3b-450b-b3ff-91d9ec9a44dd.jpg',10000.0000,'Nguyễn Anh Quân','2023-05-09 13:48:40','Nguyễn Anh Quân','2023-05-09 13:48:40',1,0),('8a3b9de1-7ca3-4ea6-9a1f-3b484a6558b4','CLXM13','Cút lộn xào me','27f91d6c-14b1-6c74-92ef-c9d5c2d91e91','6827e1c0-5b98-6d19-831b-27d9d367aeb0','142cb08f-7c31-21fa-8e90-67245e8b283e',NULL,50000.0000,NULL,50000.0000,'Nguyễn Anh Quân','2023-05-03 08:12:00','Nguyễn Anh Quân','2023-05-03 08:12:00',1,0),('8a4120e5-e75d-43f3-8ac3-d67d24beb708','NHONGXAOLACHANH','Nhộng xào lá chanh',NULL,'13a507d0-342d-6292-6de3-2ceaa9cf3765',NULL,NULL,12000.0000,NULL,0.0000,'Nguyễn Anh Quân','2023-05-03 08:10:11','Nguyễn Anh Quân','2023-05-03 08:10:11',0,0),('8ac91e6d-c6b9-4c85-9610-a81d5c876365','CUM20','Cá ướp muối',NULL,'6827e1c0-5b98-6d19-831b-27d9d367aeb0',NULL,NULL,20000.0000,NULL,0.0000,'Nguyễn Anh Quân','2023-05-03 08:16:54','Nguyễn Anh Quân','2023-05-03 08:16:54',0,0),('8ae480a8-1625-4cfb-8586-e04242adedcb','SLH9','Sò lông hấp','3e39129b-279f-623f-88ea-778aee59fea3','6827e1c0-5b98-6d19-831b-27d9d367aeb0',NULL,NULL,10000.0000,NULL,20000.0000,'Nguyễn Anh Quân','2023-05-03 08:13:50','Nguyễn Anh Quân','2023-05-03 08:13:50',0,0),('8ae4dd98-6156-41cb-b02d-f61980e9a6ed','LMXT12','Lợn mán xào tỏi','6528b15d-6674-724f-79a4-4b24de418577','6827e1c0-5b98-6d19-831b-27d9d367aeb0','4e272fc4-7875-78d6-7d32-6a1673ffca7c','Lợn ngon',20.0000,'6107ae01-be23-4709-9d43-137febc32ad6.jpg',100000.0000,'Nguyễn Anh Quân','2023-05-03 08:12:34','Nguyễn Anh Quân','2023-05-03 08:12:34',1,0),('8b375f25-d228-4daf-b997-d4adbdd3e6d4','TNT','Toản Nấu Tộ','30007451-29ff-4fe4-3707-70859f4ff30d','573a47ac-ae90-4862-a155-5af5f76a2e26','1903f7b3-46eb-4e02-a1ef-e8a5222ff8e6',NULL,23010.0000,NULL,0.0000,'Nguyễn Anh Quân','2023-08-31 11:16:06','Nguyễn Anh Quân','2023-08-31 11:16:06',0,0),('8b8b4dea-ad17-4d65-94f4-128b0b9ac641','CXBX','Canh xương bí xanh',NULL,'3650c04e-62b1-6908-5598-ae38c5379e4b',NULL,NULL,200000.0000,NULL,100000.0000,'Nguyễn Anh Quân','2023-04-29 23:14:45','Nguyễn Anh Quân','2023-04-29 23:14:45',0,0),('8d2ae5ce-93ff-40c5-97ad-01c7ca312520','CG13','Cơm gà ',NULL,'6827e1c0-5b98-6d19-831b-27d9d367aeb0',NULL,NULL,20000.0000,NULL,0.0000,'Nguyễn Anh Quân','2023-05-03 08:14:46','Nguyễn Anh Quân','2023-05-03 08:14:46',0,0),('8d6158ce-4bd2-41f7-9144-a629b4734ac6','NXT14','Ngô xào tép','27f91d6c-14b1-6c74-92ef-c9d5c2d91e91','13a507d0-342d-6292-6de3-2ceaa9cf3765','142cb08f-7c31-21fa-8e90-67245e8b283e',NULL,20000.0000,NULL,0.0000,'Nguyễn Anh Quân','2023-05-03 08:17:55','Nguyễn Anh Quân','2023-05-03 08:17:55',1,0),('8d870a81-98c1-4dc2-b806-9cc08e749816','CUM15','Cá ướp muối',NULL,'6827e1c0-5b98-6d19-831b-27d9d367aeb0',NULL,NULL,20000.0000,NULL,0.0000,'Nguyễn Anh Quân','2023-05-03 08:09:37','Nguyễn Anh Quân','2023-05-03 08:09:37',0,0),('8e5f0ba9-4d41-4178-9a90-5e2a8269a484','STB21','Sinh tố bơ','34e2b4cc-3758-293d-7aa4-4b24de418577','3650c04e-62b1-6908-5598-ae38c5379e4b','469b3ece-744a-45d5-957d-e8c757976496',NULL,50000.0000,NULL,50000.0000,'Nguyễn Anh Quân','2023-05-03 08:17:44','Nguyễn Anh Quân','2023-05-03 08:17:44',1,0),('8e9a85b7-eb85-4b5e-9019-3b24b4953f91','TGR17','Thịt gà rang ','6528b15d-6674-724f-79a4-4b24de418577','6827e1c0-5b98-6d19-831b-27d9d367aeb0',NULL,'Gà Bắc Giang cực ngon',100000.0000,NULL,20000.0000,'Nguyễn Anh Quân','2023-05-03 08:18:24','Nguyễn Anh Quân','2023-05-03 08:18:24',0,0),('8ecd7c85-82be-460e-a2f6-c24230c42050','GAXELACHANH','Gà xé lá chanh','6528b15d-6674-724f-79a4-4b24de418577','3650c04e-62b1-6908-5598-ae38c5379e4b',NULL,NULL,20000.0000,NULL,10000.0000,'Nguyễn Anh Quân','2023-05-03 08:15:20','Nguyễn Anh Quân','2023-05-03 08:15:20',0,0),('900bf0f6-a6b4-4559-806b-d631361edecc','BCHN','Bún chả Hà Nội','6528b15d-6674-724f-79a4-4b24de418577','6e0dc48e-3eac-6143-9b66-a58ab8ff47ca','469b3ece-744a-45d5-957d-e8c757976496','',40000.0000,'df7098f8-50a3-4fb6-bce4-e770bc946570.jpg',20000.0000,'Nguyễn Anh Quân','2023-05-05 16:08:31','Nguyễn Anh Quân','2023-05-05 16:08:31',0,1),('90ef1dcf-7355-417d-addd-3bef71909be7','TRMC9','Tôm rang me chua','6528b15d-6674-724f-79a4-4b24de418577','3650c04e-62b1-6908-5598-ae38c5379e4b','469b3ece-744a-45d5-957d-e8c757976496',NULL,50000.0000,NULL,50000.0000,'Nguyễn Anh Quân','2023-05-03 08:17:25','Nguyễn Anh Quân','2023-05-03 08:17:25',1,0),('91ab5d34-2726-4013-b9b0-1f615a5ca937','LT','Lẩu thả','6528b15d-6674-724f-79a4-4b24de418577','3650c04e-62b1-6908-5598-ae38c5379e4b','142cb08f-7c31-21fa-8e90-67245e8b283e',NULL,100000.0000,'1b76e762-1fe7-40ab-a5db-09b6b500e66d.jpg',80000.0000,'Nguyễn Anh Quân','2023-05-10 15:14:59','Nguyễn Anh Quân','2023-05-10 15:14:59',1,0),('92444bf9-962b-4a25-a499-8ceb2b58353b','MAMRUOC','Mắm ruốc','6528b15d-6674-724f-79a4-4b24de418577','6827e1c0-5b98-6d19-831b-27d9d367aeb0',NULL,NULL,2000.0000,NULL,0.0000,'Nguyễn Anh Quân','2023-05-03 08:10:36','Nguyễn Anh Quân','2023-05-03 08:10:36',0,0),('9284566f-c418-402e-89cc-87aaed9ce97c','TXHK','Tôm xào hành khô','30007451-29ff-4fe4-3707-70859f4ff30d','1f60e54f-196f-45f3-5498-ae38c5379e4b',NULL,NULL,20000.0000,'359d6d44-eec7-4ddf-857c-eab704a81af0.jpg',0.0000,'Nguyễn Anh Quân','2023-04-27 10:47:33','Nguyễn Anh Quân','2023-04-27 10:47:33',0,0),('955b9ac4-45c0-4bb3-ab59-87abf84430e1','NP','Ngẩu Pín','30007451-29ff-4fe4-3707-70859f4ff30d','1f60e54f-196f-45f3-5498-ae38c5379e4b',NULL,NULL,50000.0000,NULL,10000.0000,'Nguyễn Anh Quân','2023-08-30 00:43:32','Nguyễn Anh Quân','2023-08-30 00:43:32',0,0),('95d18fc6-25fd-4770-9fb9-5c4fb3794d07','TGR16','Thịt gà rang ','6528b15d-6674-724f-79a4-4b24de418577','6827e1c0-5b98-6d19-831b-27d9d367aeb0',NULL,'Gà Bắc Giang cực ngon',100000.0000,NULL,20000.0000,'Nguyễn Anh Quân','2023-05-03 08:17:54','Nguyễn Anh Quân','2023-05-03 08:17:54',0,0),('95d86c1c-78f2-4647-8866-5286674da53f','CUM24','Cá ướp muối',NULL,'6827e1c0-5b98-6d19-831b-27d9d367aeb0',NULL,NULL,20000.0000,NULL,0.0000,'Nguyễn Anh Quân','2023-05-03 08:17:02','Nguyễn Anh Quân','2023-05-03 08:17:02',0,0),('96147bf9-cb77-4917-9634-acb18e03cd49','CAKHOTO','Cá kho tộ','3e39129b-279f-623f-88ea-778aee59fea3','6827e1c0-5b98-6d19-831b-27d9d367aeb0',NULL,NULL,200000.0000,NULL,14000.0000,'Nguyễn Anh Quân','2023-05-03 01:09:04','Nguyễn Anh Quân','2023-05-03 01:09:04',0,0),('9618af52-cab9-4710-b13d-5c8ef57c0503','NXLC','Nhộng xào lá chanh',NULL,'13a507d0-342d-6292-6de3-2ceaa9cf3765',NULL,NULL,12000.0000,NULL,0.0000,'Nguyễn Anh Quân','2023-04-22 13:33:34','Nguyễn Anh Quân','2023-04-22 13:33:34',0,0),('96c3b0db-049d-4612-a9f7-c719490d0d37','CUM28','Cá ướp muối',NULL,'6827e1c0-5b98-6d19-831b-27d9d367aeb0',NULL,NULL,20000.0000,NULL,0.0000,'Nguyễn Anh Quân','2023-05-03 08:17:07','Nguyễn Anh Quân','2023-05-03 08:17:07',0,0),('9757ff5c-d755-4ab0-8a6d-fc25c827aee8','THITKHOTAUTRUNGDUA','Thịt kho tàu trứng dừa','6528b15d-6674-724f-79a4-4b24de418577','6827e1c0-5b98-6d19-831b-27d9d367aeb0',NULL,NULL,190000.0000,NULL,150000.0000,'Nguyễn Anh Quân','2023-05-03 08:13:35','Nguyễn Anh Quân','2023-05-03 08:13:35',0,0),('97a7db6f-76d9-4560-ae89-238cfd053d77','NS','Nộm sứa',NULL,'6827e1c0-5b98-6d19-831b-27d9d367aeb0',NULL,NULL,2222.0000,NULL,22222.0000,'Nguyễn Anh Quân','2023-05-01 00:03:06','Nguyễn Anh Quân','2023-05-01 00:03:06',0,0),('9837c420-9056-46fc-b58d-56794f6e1312','MN7','Mực nướng',NULL,'6827e1c0-5b98-6d19-831b-27d9d367aeb0',NULL,NULL,300000.0000,NULL,20000.0000,'Nguyễn Anh Quân','2023-05-03 08:11:10','Nguyễn Anh Quân','2023-05-03 08:11:10',0,0),('9924e64d-6f5f-4406-af3c-1104c4dc4a9d','CHAOSUON','Cháo sườn','34e2b4cc-3758-293d-7aa4-4b24de418577','1f60e54f-196f-45f3-5498-ae38c5379e4b',NULL,NULL,2000.0000,NULL,0.0000,'Nguyễn Anh Quân','2023-05-03 08:14:44','Nguyễn Anh Quân','2023-05-03 08:14:44',0,0),('997d32be-fa4f-46aa-9e16-cb8b459f093b','TDCX','Trà đào cam sả','34e2b4cc-3758-293d-7aa4-4b24de418577','3650c04e-62b1-6908-5598-ae38c5379e4b','469b3ece-744a-45d5-957d-e8c757976496',NULL,50000.0000,NULL,50000.0000,'Nguyễn Anh Quân','2023-04-19 23:44:24','Nguyễn Anh Quân','2023-04-19 23:44:24',1,0),('9a447c05-0a19-46f5-8433-7df85d9716c3','CUM14','Cá ướp muối',NULL,'6827e1c0-5b98-6d19-831b-27d9d367aeb0',NULL,NULL,20000.0000,NULL,0.0000,'Nguyễn Anh Quân','2023-05-03 08:09:37','Nguyễn Anh Quân','2023-05-03 08:09:37',0,0),('9b01f5d2-5434-453a-b34a-e99e8a556adf','RML18','Rau muống luộc','3e39129b-279f-623f-88ea-778aee59fea3','3650c04e-62b1-6908-5598-ae38c5379e4b','469b3ece-744a-45d5-957d-e8c757976496',NULL,50000.0000,NULL,50000.0000,'Nguyễn Anh Quân','2023-05-03 08:17:16','Nguyễn Anh Quân','2023-05-03 08:17:16',1,0),('9b91b28b-4f98-4b45-a24a-849d3dce5819','CHAODOXANH','Cháo đỗ xanh',NULL,'3650c04e-62b1-6908-5598-ae38c5379e4b',NULL,NULL,30000.0000,NULL,0.0000,'Nguyễn Anh Quân','2023-05-03 08:13:25','Nguyễn Anh Quân','2023-05-03 08:13:25',0,0),('9c28ad7f-5519-4f1c-afdf-8e2cc9815bf9','CANHXUONGBIXANH','Canh xương bí xanh',NULL,'3650c04e-62b1-6908-5598-ae38c5379e4b',NULL,NULL,200000.0000,NULL,100000.0000,'Nguyễn Anh Quân','2023-05-03 08:10:51','Nguyễn Anh Quân','2023-05-03 08:10:51',0,0),('9cde6d22-f51e-4f75-935d-94128fe7d062','TOMXAOHANHKHO','Tôm xào hành khô','30007451-29ff-4fe4-3707-70859f4ff30d','1f60e54f-196f-45f3-5498-ae38c5379e4b',NULL,NULL,20000.0000,'359d6d44-eec7-4ddf-857c-eab704a81af0.jpg',0.0000,'Nguyễn Anh Quân','2023-05-03 08:14:23','Nguyễn Anh Quân','2023-05-03 08:14:23',0,0),('9ce00c14-826c-4ff8-b237-2f6bc09b9f02','CUM8','Cá ướp muối',NULL,'6827e1c0-5b98-6d19-831b-27d9d367aeb0',NULL,NULL,20000.0000,NULL,0.0000,'Nguyễn Anh Quân','2023-05-03 08:09:30','Nguyễn Anh Quân','2023-05-03 08:09:30',0,0),('9d41d73a-a4fa-450b-a5fd-46d4a73450fb','RCL','Rau cải luộc','30007451-29ff-4fe4-3707-70859f4ff30d','3650c04e-62b1-6908-5598-ae38c5379e4b',NULL,NULL,20000.0000,NULL,0.0000,'Nguyễn Anh Quân','2023-04-29 23:04:38','Nguyễn Anh Quân','2023-04-29 23:04:38',0,0),('9d6ed8ef-9d34-4005-af68-18631934ac24','STB18','Sinh tố bơ','34e2b4cc-3758-293d-7aa4-4b24de418577','3650c04e-62b1-6908-5598-ae38c5379e4b','469b3ece-744a-45d5-957d-e8c757976496',NULL,50000.0000,NULL,50000.0000,'Nguyễn Anh Quân','2023-05-03 08:13:16','Nguyễn Anh Quân','2023-05-03 08:13:16',1,0),('9d802503-ac14-4302-b8a3-2ed09f8c918b','CR7','Canh riêu',NULL,'3650c04e-62b1-6908-5598-ae38c5379e4b',NULL,NULL,100000.0000,NULL,80000.0000,'Nguyễn Anh Quân','2023-05-03 08:16:24','Nguyễn Anh Quân','2023-05-03 08:16:24',0,0),('9eb4b666-39f2-4096-b359-3d744dc6674a','CA6','Cá ','34e2b4cc-3758-293d-7aa4-4b24de418577','3650c04e-62b1-6908-5598-ae38c5379e4b',NULL,NULL,2000.0000,NULL,0.0000,'Nguyễn Anh Quân','2023-05-03 08:16:36','Nguyễn Anh Quân','2023-05-03 08:16:36',0,0),('9f65635c-8763-401b-a559-1d9e7c896f8c','GANUONGMATONG','Gà nướng mật ong',NULL,'1f60e54f-196f-45f3-5498-ae38c5379e4b',NULL,NULL,20000.0000,NULL,10000.0000,'Nguyễn Anh Quân','2023-05-10 16:32:21','Nguyễn Anh Quân','2023-05-10 16:32:21',0,0),('9f859723-a238-45d7-9911-11f3c6ca485d','GXN15','Gà xào nấm','27f91d6c-14b1-6c74-92ef-c9d5c2d91e91','13a507d0-342d-6292-6de3-2ceaa9cf3765',NULL,NULL,15000.0000,NULL,10000.0000,'Nguyễn Anh Quân','2023-05-03 08:18:33','Nguyễn Anh Quân','2023-05-03 08:18:33',0,0),('9f99f8bd-d350-4666-9d67-5a72edcdbe19','DDX3','Đu đủ xào','27f91d6c-14b1-6c74-92ef-c9d5c2d91e91','6827e1c0-5b98-6d19-831b-27d9d367aeb0',NULL,NULL,10000.0000,NULL,0.0000,'Nguyễn Anh Quân','2023-05-03 08:15:25','Nguyễn Anh Quân','2023-05-03 08:15:25',0,0),('9fc2a888-bec2-4bae-a3fb-e1f4d239eb5d','TDDL5','Trứng đà điểu luộc',NULL,'3650c04e-62b1-6908-5598-ae38c5379e4b',NULL,NULL,400000.0000,NULL,0.0000,'Nguyễn Anh Quân','2023-05-03 08:18:21','Nguyễn Anh Quân','2023-05-03 08:18:21',0,0),('9ff23650-1e6b-401c-a50a-5878ef7783ee','BANHCAY','Bánh cáy',NULL,'6827e1c0-5b98-6d19-831b-27d9d367aeb0',NULL,NULL,10000.0000,NULL,0.0000,'Nguyễn Anh Quân','2023-05-03 08:14:51','Nguyễn Anh Quân','2023-05-03 08:14:51',0,0),('a12fd78a-01a5-44db-bd0f-96a9779ffcac','BANHTRANG','bánh tráng',NULL,'1f60e54f-196f-45f3-5498-ae38c5379e4b',NULL,NULL,0.0000,NULL,0.0000,'Nguyễn Anh Quân','2023-08-29 13:54:38','Nguyễn Anh Quân','2023-08-29 13:54:38',0,0),('a14ce78c-b4f8-42ef-89b1-44956c57982e','CS','Cháo sườn','34e2b4cc-3758-293d-7aa4-4b24de418577','1f60e54f-196f-45f3-5498-ae38c5379e4b',NULL,NULL,2000.0000,NULL,0.0000,'Nguyễn Anh Quân','2023-04-28 23:57:32','Nguyễn Anh Quân','2023-04-28 23:57:32',0,0),('a252e14d-deed-4326-b29b-756f5d659e9b','BX12','Bê xào ',NULL,'6827e1c0-5b98-6d19-831b-27d9d367aeb0',NULL,NULL,100000.0000,'05c6efe3-5fc3-427c-84a2-672c89452f53.jpg',0.0000,'Nguyễn Anh Quân','2023-05-03 08:15:27','Nguyễn Anh Quân','2023-05-03 08:15:27',0,0),('a26c373e-a6f0-41d2-a4b7-e194ecc9842a','MN12','Mực nướng',NULL,'6827e1c0-5b98-6d19-831b-27d9d367aeb0',NULL,NULL,300000.0000,'f62985ea-318b-48aa-90df-348b44855085.jpg',20000.0000,'Nguyễn Anh Quân','2023-05-03 08:17:39','Nguyễn Anh Quân','2023-05-03 08:17:39',0,0),('a2cd5bf8-6b70-4f9c-a672-053d0d249977','CUM31','Cá ướp muối',NULL,'6827e1c0-5b98-6d19-831b-27d9d367aeb0',NULL,NULL,20000.0000,NULL,0.0000,'Nguyễn Anh Quân','2023-05-03 08:17:09','Nguyễn Anh Quân','2023-05-03 08:17:09',0,0),('a4e4caad-2bc3-4858-aa1d-9dc492f7f993','CDX1','Cháo đỗ xanh',NULL,'3650c04e-62b1-6908-5598-ae38c5379e4b',NULL,NULL,30000.0000,NULL,0.0000,'Nguyễn Anh Quân','2023-05-03 08:13:27','Nguyễn Anh Quân','2023-05-03 08:13:27',0,0),('a52b03a5-1d6b-4ae5-b6ae-7a70ebc472cf','GXN','Gà xào nấm','27f91d6c-14b1-6c74-92ef-c9d5c2d91e91','13a507d0-342d-6292-6de3-2ceaa9cf3765',NULL,NULL,15000.0000,NULL,10000.0000,'Nguyễn Anh Quân','2023-04-28 21:27:16','Nguyễn Anh Quân','2023-04-28 21:27:16',0,0),('a543acda-4576-4963-b0d3-3c3bc4c30db0','GQBK20','Gà quay Bắc Kinh','3e39129b-279f-623f-88ea-778aee59fea3','6827e1c0-5b98-6d19-831b-27d9d367aeb0','469b3ece-744a-45d5-957d-e8c757976496',NULL,200000.0000,NULL,180000.0000,'Nguyễn Anh Quân','2023-05-03 08:17:56','Nguyễn Anh Quân','2023-05-03 08:17:56',0,0),('a557f92f-4579-4ba1-b081-e7724ac7db02','NXT','Ngô xào tép','27f91d6c-14b1-6c74-92ef-c9d5c2d91e91','13a507d0-342d-6292-6de3-2ceaa9cf3765','142cb08f-7c31-21fa-8e90-67245e8b283e',NULL,20000.0000,NULL,0.0000,'Nguyễn Anh Quân','2023-04-21 15:55:11','Nguyễn Anh Quân','2023-04-21 15:55:11',1,0),('a55d3c0b-5d94-4d78-8738-0a96e8d4c9f9','GL17','Gà luộc','3e39129b-279f-623f-88ea-778aee59fea3','3650c04e-62b1-6908-5598-ae38c5379e4b','469b3ece-744a-45d5-957d-e8c757976496',NULL,50000.0000,NULL,50000.0000,'Nguyễn Anh Quân','2023-05-03 08:13:59','Nguyễn Anh Quân','2023-05-03 08:13:59',1,0),('a5733bfe-97cb-4197-8fcf-dfded037c10a','BBRM','Ba ba rang muối',NULL,'6827e1c0-5b98-6d19-831b-27d9d367aeb0',NULL,NULL,2000.0000,NULL,0.0000,'Nguyễn Anh Quân','2023-05-02 09:28:39','Nguyễn Anh Quân','2023-05-02 09:28:39',0,0),('a57dfc8d-86e3-4704-aa19-82185d224f1c','MD3','Mầm đá',NULL,'6827e1c0-5b98-6d19-831b-27d9d367aeb0',NULL,NULL,3000000.0000,NULL,1000000.0000,'Nguyễn Anh Quân','2023-05-03 08:16:27','Nguyễn Anh Quân','2023-05-03 08:16:27',0,0),('a64f54cb-bcb6-43ab-bf3e-d3e546895580','TGR14','Thịt gà rang ','6528b15d-6674-724f-79a4-4b24de418577','6827e1c0-5b98-6d19-831b-27d9d367aeb0',NULL,'Gà Bắc Giang cực ngon',100000.0000,NULL,20000.0000,'Nguyễn Anh Quân','2023-05-03 08:14:18','Nguyễn Anh Quân','2023-05-03 08:14:18',0,0),('a74dbaa6-7c99-4d71-80e3-0d8c8500564e','LB','Lòng Bò','27f91d6c-14b1-6c74-92ef-c9d5c2d91e91','6827e1c0-5b98-6d19-831b-27d9d367aeb0','1903f7b3-46eb-4e02-a1ef-e8a5222ff8e6',NULL,200000.0000,NULL,100000.0000,'Nguyễn Anh Quân','2023-08-31 14:00:06','Nguyễn Anh Quân','2023-08-31 14:00:06',0,0),('a78aa519-3c7c-4af4-b187-cac9bcfa9fb2','RML17','Rau muống luộc','3e39129b-279f-623f-88ea-778aee59fea3','3650c04e-62b1-6908-5598-ae38c5379e4b','469b3ece-744a-45d5-957d-e8c757976496',NULL,50000.0000,NULL,50000.0000,'Nguyễn Anh Quân','2023-05-03 08:14:01','Nguyễn Anh Quân','2023-05-03 08:14:01',1,0),('a80024f1-b8ef-424e-82af-5da43500db43','CUCAILUOC','Củ cải luộc','3e39129b-279f-623f-88ea-778aee59fea3','3650c04e-62b1-6908-5598-ae38c5379e4b','469b3ece-744a-45d5-957d-e8c757976496',NULL,50000.0000,NULL,50000.0000,'Nguyễn Anh Quân','2023-05-03 08:09:45','Nguyễn Anh Quân','2023-05-03 08:09:45',1,0),('a86389eb-e591-4b62-95d8-9890f2b141e4','OCD','Ốc chuối đậu',NULL,'6827e1c0-5b98-6d19-831b-27d9d367aeb0',NULL,NULL,20000.0000,NULL,10000.0000,'Nguyễn Anh Quân','2023-04-29 23:33:58','Nguyễn Anh Quân','2023-04-29 23:33:58',0,0),('a89df193-777f-47bc-b348-aed9a25d2d0c','LXD','Lòng Xào Dưa','27f91d6c-14b1-6c74-92ef-c9d5c2d91e91','6e0dc48e-3eac-6143-9b66-a58ab8ff47ca',NULL,NULL,50000.0000,'e68994d0-ebd7-4f46-a723-0c48e09bb734.jpg',0.0000,'Nguyễn Anh Quân','2023-08-31 09:14:11','Nguyễn Anh Quân','2023-08-31 09:14:11',0,0),('a8a6afc1-52a1-405e-bb1f-436d20b880b3','TNCT12','Thịt nướng cháy tỏi','3e39129b-279f-623f-88ea-778aee59fea3','6827e1c0-5b98-6d19-831b-27d9d367aeb0',NULL,NULL,0.0000,NULL,0.0000,'Nguyễn Anh Quân','2023-05-03 08:15:19','Nguyễn Anh Quân','2023-05-03 08:15:19',0,0),('aa08df73-f339-4d0c-91fe-dc059e2db212','OCMONGTAYXAO','Ốc móng tay xào','27f91d6c-14b1-6c74-92ef-c9d5c2d91e91','6827e1c0-5b98-6d19-831b-27d9d367aeb0',NULL,NULL,15000.0000,NULL,10000.0000,'Nguyễn Anh Quân','2023-05-03 08:14:31','Nguyễn Anh Quân','2023-05-03 08:14:31',0,0),('aa842290-e402-4bdd-b610-8f9aac297206','OHH','Ốc hương hấp',NULL,'3650c04e-62b1-6908-5598-ae38c5379e4b',NULL,NULL,20000.0000,NULL,0.0000,'Nguyễn Anh Quân','2023-05-02 21:39:16','Nguyễn Anh Quân','2023-05-02 21:39:16',0,0),('aaafcdaf-32e4-4f5d-801b-6702c565f82a','CDX3','Cháo đỗ xanh',NULL,'3650c04e-62b1-6908-5598-ae38c5379e4b',NULL,NULL,30000.0000,NULL,0.0000,'Nguyễn Anh Quân','2023-05-03 08:18:02','Nguyễn Anh Quân','2023-05-03 08:18:02',0,0),('ab5c5c0f-4cfd-4f0a-a022-cc8c64b362aa','LE6','Lẩu ếch',NULL,'1f60e54f-196f-45f3-5498-ae38c5379e4b',NULL,NULL,200000.0000,NULL,180000.0000,'Nguyễn Anh Quân','2023-05-03 08:17:32','Nguyễn Anh Quân','2023-05-03 08:17:32',0,0),('acc50cb1-fd89-4b4e-a8b6-83992ac6bfa2','LAUECH','Lẩu ếch',NULL,'1f60e54f-196f-45f3-5498-ae38c5379e4b',NULL,NULL,200000.0000,NULL,180000.0000,'Nguyễn Anh Quân','2023-05-03 08:10:41','Nguyễn Anh Quân','2023-05-03 08:10:41',0,0),('ad17b6d6-cbe6-4fed-8690-599f0098dba0','CR13','Canh riêu',NULL,'3650c04e-62b1-6908-5598-ae38c5379e4b',NULL,NULL,100000.0000,NULL,80000.0000,'Nguyễn Anh Quân','2023-05-03 08:16:37','Nguyễn Anh Quân','2023-05-03 08:16:37',0,0),('ad1829b7-b2f6-4d4c-89e1-b81e31d52bd5','CB2','Cháo bò','27f91d6c-14b1-6c74-92ef-c9d5c2d91e91','3650c04e-62b1-6908-5598-ae38c5379e4b',NULL,NULL,12000.0000,NULL,0.0000,'Nguyễn Anh Quân','2023-05-03 08:14:43','Nguyễn Anh Quân','2023-05-03 08:14:43',0,0),('ad1bd4f3-1682-4508-bc6d-af8a32dc2b84','NXT13','Ngô xào tép','27f91d6c-14b1-6c74-92ef-c9d5c2d91e91','13a507d0-342d-6292-6de3-2ceaa9cf3765','142cb08f-7c31-21fa-8e90-67245e8b283e',NULL,20000.0000,NULL,0.0000,'Nguyễn Anh Quân','2023-05-03 08:17:23','Nguyễn Anh Quân','2023-05-03 08:17:23',1,0),('ae858de4-f539-4133-9750-bd80bc0a84ef','SV20','Sốt vang','27f91d6c-14b1-6c74-92ef-c9d5c2d91e91','1f60e54f-196f-45f3-5498-ae38c5379e4b',NULL,NULL,50000.0000,NULL,0.0000,'Nguyễn Anh Quân','2023-05-03 08:18:20','Nguyễn Anh Quân','2023-05-03 08:18:20',0,0),('af0935c7-911d-4230-9f9b-63d591ac9177','TDDL2','Trứng đà điểu luộc',NULL,'3650c04e-62b1-6908-5598-ae38c5379e4b',NULL,NULL,400000.0000,NULL,0.0000,'Nguyễn Anh Quân','2023-05-03 08:14:15','Nguyễn Anh Quân','2023-05-03 08:14:15',0,0),('b002887e-1b10-43da-9aa3-58b84687fb41','TSH','Tôm sú hấp',NULL,'6827e1c0-5b98-6d19-831b-27d9d367aeb0',NULL,NULL,100000.0000,NULL,40000.0000,'Nguyễn Anh Quân','2023-05-02 09:53:56','Nguyễn Anh Quân','2023-05-02 09:53:56',0,0),('b040e3f9-c2fb-425b-b949-d2ccc23a692f','RML','Rau muống luộc','3e39129b-279f-623f-88ea-778aee59fea3','3650c04e-62b1-6908-5598-ae38c5379e4b','469b3ece-744a-45d5-957d-e8c757976496',NULL,50000.0000,NULL,50000.0000,'Nguyễn Anh Quân','2023-04-19 23:42:46','Nguyễn Anh Quân','2023-04-19 23:42:46',1,0),('b10c4498-622c-4456-9cbe-a320f5302277','TN','Thịt nướng',NULL,'6827e1c0-5b98-6d19-831b-27d9d367aeb0',NULL,NULL,20000.0000,NULL,0.0000,'Nguyễn Anh Quân','2023-04-29 23:25:43','Nguyễn Anh Quân','2023-04-29 23:25:43',0,0),('b113a8ff-de0c-4ac2-bfe8-28e2e8b8e23e','DUDULUOC','Đủ đủ luộc','3e39129b-279f-623f-88ea-778aee59fea3','6827e1c0-5b98-6d19-831b-27d9d367aeb0',NULL,NULL,20000.0000,NULL,0.0000,'Nguyễn Anh Quân','2023-05-03 08:15:23','Nguyễn Anh Quân','2023-05-03 08:15:23',0,0),('b12a780b-53bf-4d1f-a137-eac8145fa983','CUM27','Cá ướp muối',NULL,'6827e1c0-5b98-6d19-831b-27d9d367aeb0',NULL,NULL,20000.0000,NULL,0.0000,'Nguyễn Anh Quân','2023-05-03 08:17:07','Nguyễn Anh Quân','2023-05-03 08:17:07',0,0),('b1964645-8856-403d-a3f7-8dcf428e2d6b','GTY','Gà Tiên Yên','6528b15d-6674-724f-79a4-4b24de418577','6827e1c0-5b98-6d19-831b-27d9d367aeb0','142cb08f-7c31-21fa-8e90-67245e8b283e',NULL,100000.0000,'6212da79-d2a1-41d4-ae86-94eb4ac0452b.jpg',80000.0000,'Nguyễn Anh Quân','2023-05-10 15:19:01','Nguyễn Anh Quân','2023-05-10 15:19:01',1,0),('b1c20ab4-8e57-4088-b250-40213a561fe2','OHH9','Ốc hương hấp',NULL,'3650c04e-62b1-6908-5598-ae38c5379e4b',NULL,NULL,20000.0000,NULL,0.0000,'Nguyễn Anh Quân','2023-05-03 08:16:39','Nguyễn Anh Quân','2023-05-03 08:16:39',0,0),('b2244988-1a10-44ef-9626-df11632ee5a0','BANHXEO','Bánh xèo','27f91d6c-14b1-6c74-92ef-c9d5c2d91e91','6827e1c0-5b98-6d19-831b-27d9d367aeb0','469b3ece-744a-45d5-957d-e8c757976496',NULL,100000.0000,'64d10b11-5f1b-484b-a3d0-fedd4d71e072.jpg',80000.0000,'Nguyễn Anh Quân','2023-05-10 15:21:13','Nguyễn Anh Quân','2023-05-10 15:21:13',0,1),('b2b60033-9773-4be1-832e-96418893c1aa','STB20','Sinh tố bơ','34e2b4cc-3758-293d-7aa4-4b24de418577','3650c04e-62b1-6908-5598-ae38c5379e4b','469b3ece-744a-45d5-957d-e8c757976496',NULL,50000.0000,NULL,50000.0000,'Nguyễn Anh Quân','2023-05-03 08:17:13','Nguyễn Anh Quân','2023-05-03 08:17:13',1,0),('b2baeb66-9bc7-458c-b5e8-5403077291c0','CCL15','Củ cải luộc','3e39129b-279f-623f-88ea-778aee59fea3','3650c04e-62b1-6908-5598-ae38c5379e4b','469b3ece-744a-45d5-957d-e8c757976496',NULL,50000.0000,NULL,50000.0000,'Nguyễn Anh Quân','2023-05-03 08:17:11','Nguyễn Anh Quân','2023-05-03 08:17:11',1,0),('b3066ecc-b89c-4fd9-ae31-91314786e998','CKT13','Cá kho tiêu','3e39129b-279f-623f-88ea-778aee59fea3','6827e1c0-5b98-6d19-831b-27d9d367aeb0',NULL,NULL,2211111.0000,NULL,230000.0000,'Nguyễn Anh Quân','2023-05-03 08:13:44','Nguyễn Anh Quân','2023-05-03 08:13:44',0,0),('b3b3d3fd-fd15-4856-8ac4-22c0068c339a','BUNRIEU','Bún riêu',NULL,'3650c04e-62b1-6908-5598-ae38c5379e4b',NULL,NULL,20000.0000,NULL,10000.0000,'Nguyễn Anh Quân','2023-05-03 08:14:45','Nguyễn Anh Quân','2023-05-03 08:14:45',0,0),('b42226d9-32f1-43d0-943a-0db6c3a0ca04','CUM6','Cá ướp muối',NULL,'6827e1c0-5b98-6d19-831b-27d9d367aeb0',NULL,NULL,20000.0000,NULL,0.0000,'Nguyễn Anh Quân','2023-05-03 08:09:25','Nguyễn Anh Quân','2023-05-03 08:09:25',0,0),('b44e7a7c-bf01-4263-afe0-419e5e5695f4','CN','Cơm nắm',NULL,'3650c04e-62b1-6908-5598-ae38c5379e4b',NULL,NULL,10000.0000,NULL,0.0000,'Nguyễn Anh Quân','2023-04-29 23:04:39','Nguyễn Anh Quân','2023-04-29 23:04:39',0,0),('b455ed59-1b29-4c8b-b80c-60b323e8a546','MR','Mắm ruốc','6528b15d-6674-724f-79a4-4b24de418577','6827e1c0-5b98-6d19-831b-27d9d367aeb0',NULL,NULL,2000.0000,NULL,0.0000,'Nguyễn Anh Quân','2023-04-29 22:51:52','Nguyễn Anh Quân','2023-04-29 22:51:52',0,0),('b52a6565-8865-4d79-b797-c0ac27cfe8a9','SLH10','Sò lông hấp','3e39129b-279f-623f-88ea-778aee59fea3','6827e1c0-5b98-6d19-831b-27d9d367aeb0',NULL,NULL,10000.0000,NULL,20000.0000,'Nguyễn Anh Quân','2023-05-03 08:15:30','Nguyễn Anh Quân','2023-05-03 08:15:30',0,0),('b52fe561-b2f0-4c4c-819f-aff7669f91fb','CUM25','Cá ướp muối',NULL,'6827e1c0-5b98-6d19-831b-27d9d367aeb0',NULL,NULL,20000.0000,NULL,0.0000,'Nguyễn Anh Quân','2023-05-03 08:17:04','Nguyễn Anh Quân','2023-05-03 08:17:04',0,0),('b5a835f6-e265-45c5-8ef4-6b296c76f13d','LCC','Lẩu cá chép','3e39129b-279f-623f-88ea-778aee59fea3','13a507d0-342d-6292-6de3-2ceaa9cf3765','469b3ece-744a-45d5-957d-e8c757976496','Cá chép ngon',200000.0000,'b79b1cda-800e-4d4e-9def-838bae222108.jpg',100000.0000,'Nguyễn Anh Quân','2023-05-03 22:09:29','Nguyễn Anh Quân','2023-05-03 22:09:29',0,0),('b5cf4885-e1f0-4631-9af4-b67bca90129f','CKT19','Cá kho tương','6528b15d-6674-724f-79a4-4b24de418577','3650c04e-62b1-6908-5598-ae38c5379e4b','469b3ece-744a-45d5-957d-e8c757976496',NULL,20000.0000,'96ce7d20-f742-4b5b-8314-b78d54663b4c.jpg',14000.0000,'Nguyễn Anh Quân','2023-05-03 08:18:30','Nguyễn Anh Quân','2023-05-03 08:18:30',0,0),('b63dbb8c-7843-468e-b413-35ac217c7e59','OHH13','Ốc hương hấp',NULL,'3650c04e-62b1-6908-5598-ae38c5379e4b',NULL,NULL,20000.0000,NULL,0.0000,'Nguyễn Anh Quân','2023-05-03 08:16:42','Nguyễn Anh Quân','2023-05-03 08:16:42',0,0),('b64e0c58-98ff-474d-ba21-4d6d0f1c52de','SINHTOMANGCAU','Sinh tố mãng cầu','34e2b4cc-3758-293d-7aa4-4b24de418577','3650c04e-62b1-6908-5598-ae38c5379e4b','469b3ece-744a-45d5-957d-e8c757976496',NULL,50000.0000,NULL,50000.0000,'Nguyễn Anh Quân','2023-05-03 08:11:44','Nguyễn Anh Quân','2023-05-03 08:11:44',1,0),('b732fc55-ad15-4678-bedb-6eb7cdb8799e','LL','Lòng lợn','3e39129b-279f-623f-88ea-778aee59fea3','6827e1c0-5b98-6d19-831b-27d9d367aeb0',NULL,NULL,19000.0000,NULL,10000.0000,'Nguyễn Anh Quân','2023-05-01 18:02:19','Nguyễn Anh Quân','2023-05-01 18:02:19',0,0),('b79ddeee-ac29-4146-89eb-8bc0005265f6','NC4','Nộm chuối','30007451-29ff-4fe4-3707-70859f4ff30d','1f60e54f-196f-45f3-5498-ae38c5379e4b','469b3ece-744a-45d5-957d-e8c757976496','Chuối quê',210000.0000,'71549667-9a66-4219-b608-aa55b37d4e7b.jpg',100000.0000,'Nguyễn Anh Quân','2023-05-03 08:17:28','Nguyễn Anh Quân','2023-05-03 08:17:28',1,0),('b7bdfbbb-2cf8-4d98-85fa-c502548cec87','GL16','Gà luộc','3e39129b-279f-623f-88ea-778aee59fea3','3650c04e-62b1-6908-5598-ae38c5379e4b','469b3ece-744a-45d5-957d-e8c757976496',NULL,50000.0000,NULL,50000.0000,'Nguyễn Anh Quân','2023-05-03 08:13:11','Nguyễn Anh Quân','2023-05-03 08:13:11',1,0),('b80a31b8-829a-4889-96b0-b80a932adc8a','BANHTRUNGRAN','Bánh trưng rán','6528b15d-6674-724f-79a4-4b24de418577','1f60e54f-196f-45f3-5498-ae38c5379e4b',NULL,NULL,14000.0000,NULL,0.0000,'Nguyễn Anh Quân','2023-05-03 08:14:35','Nguyễn Anh Quân','2023-05-03 08:14:35',0,0),('b877c1e0-1aa3-468c-8d40-2dac106e305c','EXMC17','Ếch xào măng chua','34e2b4cc-3758-293d-7aa4-4b24de418577','3650c04e-62b1-6908-5598-ae38c5379e4b','469b3ece-744a-45d5-957d-e8c757976496',NULL,20000.0000,'aabf311a-6f8b-4ab3-a0ce-8c58620ce116.jpg',0.0000,'Nguyễn Anh Quân','2023-05-03 08:18:31','Nguyễn Anh Quân','2023-05-03 08:18:31',0,0),('b89c4ddb-dd62-49e2-9bd6-fdad28447bee','CUM17','Cá ướp muối',NULL,'6827e1c0-5b98-6d19-831b-27d9d367aeb0',NULL,NULL,20000.0000,NULL,0.0000,'Nguyễn Anh Quân','2023-05-03 08:16:28','Nguyễn Anh Quân','2023-05-03 08:16:28',0,0),('b8b3f485-40a2-4ac0-b0f8-087a76650315','CDX4','Cháo đỗ xanh',NULL,'3650c04e-62b1-6908-5598-ae38c5379e4b',NULL,NULL,30000.0000,NULL,0.0000,'Nguyễn Anh Quân','2023-05-03 08:18:03','Nguyễn Anh Quân','2023-05-03 08:18:03',0,0),('b8c7a3d6-d386-45b4-a062-61c8f4a2d1bc','OC','Ốc ',NULL,'3650c04e-62b1-6908-5598-ae38c5379e4b',NULL,NULL,20000.0000,NULL,10000.0000,'Nguyễn Anh Quân','2023-04-29 23:34:33','Nguyễn Anh Quân','2023-04-29 23:34:33',0,0),('b9451637-4f9f-4003-9c52-40a8f30e2bd3','CKT15','Cá kho tiêu','3e39129b-279f-623f-88ea-778aee59fea3','6827e1c0-5b98-6d19-831b-27d9d367aeb0',NULL,NULL,2211111.0000,NULL,230000.0000,'Nguyễn Anh Quân','2023-05-03 08:15:32','Nguyễn Anh Quân','2023-05-03 08:15:32',0,0),('b9a8db16-59f2-4dcb-8644-41a910b715a2','MUOPDANGNHOITHIT','Mướp đắng nhồi thịt',NULL,'6827e1c0-5b98-6d19-831b-27d9d367aeb0',NULL,NULL,10000.0000,NULL,5000.0000,'Nguyễn Anh Quân','2023-05-03 08:14:31','Nguyễn Anh Quân','2023-05-03 08:14:31',0,0),('b9ff9f53-f343-4814-a82b-aaeb4c34136c','CNCC7','Canh ngao cà chua','30007451-29ff-4fe4-3707-70859f4ff30d','3650c04e-62b1-6908-5598-ae38c5379e4b','469b3ece-744a-45d5-957d-e8c757976496',NULL,50000.0000,NULL,50000.0000,'Nguyễn Anh Quân','2023-05-03 08:11:45','Nguyễn Anh Quân','2023-05-03 08:11:45',1,0),('bab5e9ff-5e4a-40a3-9efd-a7dfd7b0fabf','CBX15','Canh bí xanh','30007451-29ff-4fe4-3707-70859f4ff30d','3650c04e-62b1-6908-5598-ae38c5379e4b','469b3ece-744a-45d5-957d-e8c757976496',NULL,50000.0000,NULL,50000.0000,'Nguyễn Anh Quân','2023-05-03 08:17:42','Nguyễn Anh Quân','2023-05-03 08:17:42',1,0),('bb7e72a7-09db-4b7e-a5dc-514d5193f8ad','BM','Bánh mì','6528b15d-6674-724f-79a4-4b24de418577','6827e1c0-5b98-6d19-831b-27d9d367aeb0','142cb08f-7c31-21fa-8e90-67245e8b283e',NULL,20000.0000,'51c51c9c-4e46-4740-8c84-3fb3bc95eee9.jpg',16000.0000,'Nguyễn Anh Quân','2023-05-10 15:21:49','Nguyễn Anh Quân','2023-05-10 15:21:49',1,1),('bbe8d564-2677-4b82-9b1c-af1d96cd4346','CRB17','Cơm rang bò',NULL,'6827e1c0-5b98-6d19-831b-27d9d367aeb0',NULL,NULL,15000.0000,NULL,20000.0000,'Nguyễn Anh Quân','2023-05-03 08:14:48','Nguyễn Anh Quân','2023-05-03 08:14:48',0,0),('bc2649f9-e0d3-47c9-9c12-216309a6afe2','CL','Cút luộc','3e39129b-279f-623f-88ea-778aee59fea3','6827e1c0-5b98-6d19-831b-27d9d367aeb0',NULL,NULL,20000.0000,NULL,13000.0000,'Nguyễn Anh Quân','2023-05-02 09:26:49','Nguyễn Anh Quân','2023-05-02 09:26:49',0,0),('bc574849-82b6-44e8-ab17-f4c1c3f2e8cf','TH19','Trứng hấp','27f91d6c-14b1-6c74-92ef-c9d5c2d91e91','3650c04e-62b1-6908-5598-ae38c5379e4b','142cb08f-7c31-21fa-8e90-67245e8b283e','Trứng gà',30000.0000,NULL,20000.0000,'Nguyễn Anh Quân','2023-05-03 08:17:24','Nguyễn Anh Quân','2023-05-03 08:17:24',1,0),('bc8c20fe-4425-4cb3-85d3-a12bfade79e2','GAACHAM','Gà ác hầm','3e39129b-279f-623f-88ea-778aee59fea3','3650c04e-62b1-6908-5598-ae38c5379e4b',NULL,NULL,14000.0000,NULL,10000.0000,'Nguyễn Anh Quân','2023-05-03 08:14:30','Nguyễn Anh Quân','2023-05-03 08:14:30',0,0),('bcd2b31e-ac29-4e99-863a-902fe2a98a87','P','Pepsi','34e2b4cc-3758-293d-7aa4-4b24de418577','3650c04e-62b1-6908-5598-ae38c5379e4b',NULL,NULL,20000.0000,NULL,0.0000,'Nguyễn Anh Quân','2023-04-22 13:15:20','Nguyễn Anh Quân','2023-04-22 13:15:20',0,0),('bd6d6fc1-fdf0-4f49-9eb5-d3035d66e332','NR3','Nem rán','34e2b4cc-3758-293d-7aa4-4b24de418577','6827e1c0-5b98-6d19-831b-27d9d367aeb0',NULL,NULL,122222.0000,NULL,13000.0000,'Nguyễn Anh Quân','2023-05-03 08:15:39','Nguyễn Anh Quân','2023-05-03 08:15:39',0,0),('bdefbb4f-8a8d-4e34-b572-748761c9e52a','GNMO','Gà nướng mật ong',NULL,'1f60e54f-196f-45f3-5498-ae38c5379e4b',NULL,NULL,20000.0000,NULL,10000.0000,'Nguyễn Anh Quân','2023-05-10 16:31:51','Nguyễn Anh Quân','2023-05-10 16:31:51',0,0),('bf7d73eb-4e81-40e5-b762-4eb0b4203db8','BANHCUON','Bánh cuốn','3e39129b-279f-623f-88ea-778aee59fea3','6827e1c0-5b98-6d19-831b-27d9d367aeb0','142cb08f-7c31-21fa-8e90-67245e8b283e',NULL,100000.0000,'ddaaaa6f-f85e-46db-bf70-693c91ec8e6a.jpg',80000.0000,'Nguyễn Anh Quân','2023-05-10 15:22:15','Nguyễn Anh Quân','2023-05-10 15:22:15',1,0),('c0019a7a-cab2-4172-b940-999d2d8fa914','LMXT16','Lợn mán xào tỏi','6528b15d-6674-724f-79a4-4b24de418577','6827e1c0-5b98-6d19-831b-27d9d367aeb0','4e272fc4-7875-78d6-7d32-6a1673ffca7c','Lợn ngon',20.0000,'6107ae01-be23-4709-9d43-137febc32ad6.jpg',100000.0000,'Nguyễn Anh Quân','2023-05-03 08:17:58','Nguyễn Anh Quân','2023-05-03 08:17:58',1,0),('c00cfd09-5d7c-43dd-8510-75258f729808','LH','Lợn hầm ','3e39129b-279f-623f-88ea-778aee59fea3','1f60e54f-196f-45f3-5498-ae38c5379e4b','469b3ece-744a-45d5-957d-e8c757976496','Lợn Lạng Sơn',2000000.0000,'42ddd6eb-c51c-4bbf-9179-9b289abb25cc.jpg',1000000.0000,'Nguyễn Anh Quân','2023-04-26 16:32:15','Nguyễn Anh Quân','2023-04-26 16:32:15',0,0),('c04b576a-ab4d-468f-982f-a7bc4fd3eabb','NOMSUA','Nộm sứa',NULL,'6827e1c0-5b98-6d19-831b-27d9d367aeb0',NULL,NULL,2222.0000,NULL,22222.0000,'Nguyễn Anh Quân','2023-05-03 08:13:40','Nguyễn Anh Quân','2023-05-03 08:13:40',0,0),('c05af491-8325-4aba-92ca-04a0f0f97a1e','GAQUAYBACKINH','Gà quay Bắc Kinh','3e39129b-279f-623f-88ea-778aee59fea3','6827e1c0-5b98-6d19-831b-27d9d367aeb0','469b3ece-744a-45d5-957d-e8c757976496',NULL,200000.0000,NULL,180000.0000,'Nguyễn Anh Quân','2023-05-03 08:10:13','Nguyễn Anh Quân','2023-05-03 08:10:13',0,0),('c176061e-8315-404c-9320-b7c6b3c266da','MONNGONHAMVI','Món Ngon Hầm Vị',NULL,'573a47ac-ae90-4862-a155-5af5f76a2e26',NULL,NULL,12301.0000,NULL,0.0000,'Nguyễn Anh Quân','2023-08-31 14:35:14','Nguyễn Anh Quân','2023-08-31 14:35:14',0,0),('c246f5fc-144d-4faf-b381-2d079beaff1e','CA','Cá ','34e2b4cc-3758-293d-7aa4-4b24de418577','3650c04e-62b1-6908-5598-ae38c5379e4b',NULL,NULL,2000.0000,NULL,0.0000,'Nguyễn Anh Quân','2023-05-03 08:07:20','Nguyễn Anh Quân','2023-05-03 08:07:20',0,0),('c34a4b3e-8b6a-4076-a616-81999f7e4e6a','PEPSI','Pepsi','34e2b4cc-3758-293d-7aa4-4b24de418577','3650c04e-62b1-6908-5598-ae38c5379e4b',NULL,NULL,20000.0000,NULL,0.0000,'Nguyễn Anh Quân','2023-05-03 08:14:13','Nguyễn Anh Quân','2023-05-03 08:14:13',0,0),('c3d924c2-2c2b-481c-8980-849e1bc04415','NXT9','Ngô xào tép','27f91d6c-14b1-6c74-92ef-c9d5c2d91e91','13a507d0-342d-6292-6de3-2ceaa9cf3765','142cb08f-7c31-21fa-8e90-67245e8b283e',NULL,20000.0000,NULL,0.0000,'Nguyễn Anh Quân','2023-05-03 08:12:28','Nguyễn Anh Quân','2023-05-03 08:12:28',1,0),('c4d277c3-7bbe-45d6-ba84-86c9843264eb','CAOLAU','Cao lầu','30007451-29ff-4fe4-3707-70859f4ff30d','3650c04e-62b1-6908-5598-ae38c5379e4b','4e272fc4-7875-78d6-7d32-6a1673ffca7c',NULL,100000.0000,'c8d7bc35-d28f-4a43-9483-26b402c108be.jpg',80000.0000,'Nguyễn Anh Quân','2023-05-10 15:17:50','Nguyễn Anh Quân','2023-05-10 15:17:50',1,1),('c5015ff4-bea4-49cc-9137-73ce2de0a95f','NXLC11','Nhộng xào lá chanh',NULL,'13a507d0-342d-6292-6de3-2ceaa9cf3765',NULL,NULL,12000.0000,NULL,0.0000,'Nguyễn Anh Quân','2023-05-03 08:17:53','Nguyễn Anh Quân','2023-05-03 08:17:53',0,0),('c711cee8-ca67-4285-a527-667c22eec88c','NOMCHUOI','Nộm chuối','30007451-29ff-4fe4-3707-70859f4ff30d','1f60e54f-196f-45f3-5498-ae38c5379e4b','469b3ece-744a-45d5-957d-e8c757976496','Chuối quê',100.0000,NULL,120.0000,'Nguyễn Anh Quân','2023-04-28 11:21:28','Nguyễn Anh Quân','2023-04-28 11:21:28',1,0),('c7bcd985-1770-48a7-a297-cb0e8849fb98','MR17','Mắm ruốc','6528b15d-6674-724f-79a4-4b24de418577','6827e1c0-5b98-6d19-831b-27d9d367aeb0',NULL,NULL,2000.0000,NULL,0.0000,'Nguyễn Anh Quân','2023-05-03 08:15:08','Nguyễn Anh Quân','2023-05-03 08:15:08',0,0),('c824756e-4346-4000-8954-46d6ca9c90ca','TND13','Trà nhiệt đới','34e2b4cc-3758-293d-7aa4-4b24de418577','3650c04e-62b1-6908-5598-ae38c5379e4b','469b3ece-744a-45d5-957d-e8c757976496',NULL,50000.0000,NULL,50000.0000,'Nguyễn Anh Quân','2023-05-03 08:13:14','Nguyễn Anh Quân','2023-05-03 08:13:14',1,0),('c841bf74-17f8-4ea6-9a10-07c741f82347','NXLC8','Nhộng xào lá chanh',NULL,'13a507d0-342d-6292-6de3-2ceaa9cf3765',NULL,NULL,12000.0000,NULL,0.0000,'Nguyễn Anh Quân','2023-05-03 08:12:23','Nguyễn Anh Quân','2023-05-03 08:12:23',0,0),('c8a547dd-8da8-4e19-8620-444a0e61cb46','CLXM14','Cút lộn xào me','27f91d6c-14b1-6c74-92ef-c9d5c2d91e91','6827e1c0-5b98-6d19-831b-27d9d367aeb0','142cb08f-7c31-21fa-8e90-67245e8b283e',NULL,50000.0000,NULL,50000.0000,'Nguyễn Anh Quân','2023-05-03 08:17:46','Nguyễn Anh Quân','2023-05-03 08:17:46',1,0),('cb5c3b5e-eada-4bdc-8318-9e3b5dcb254b','CCL14','Củ cải luộc','3e39129b-279f-623f-88ea-778aee59fea3','3650c04e-62b1-6908-5598-ae38c5379e4b','469b3ece-744a-45d5-957d-e8c757976496',NULL,50000.0000,NULL,50000.0000,'Nguyễn Anh Quân','2023-05-03 08:17:10','Nguyễn Anh Quân','2023-05-03 08:17:10',1,0),('cb80d2c0-9b7d-4330-8f8a-94ec54f9e643','MB','Mì bò',NULL,'3650c04e-62b1-6908-5598-ae38c5379e4b',NULL,NULL,12000.0000,NULL,0.0000,'Nguyễn Anh Quân','2023-04-29 00:34:30','Nguyễn Anh Quân','2023-04-29 00:34:30',0,0),('cb9ee8d7-b606-40c2-ad28-3b0c9decabd5','XR','Xôi rán','6528b15d-6674-724f-79a4-4b24de418577','3650c04e-62b1-6908-5598-ae38c5379e4b',NULL,NULL,20000.0000,'675e1a4b-23d8-4993-95b3-047ec745b7be.jpg',10000.0000,'Nguyễn Anh Quân','2023-05-01 16:09:23','Nguyễn Anh Quân','2023-05-01 16:09:23',0,0),('cc49953d-d280-482e-b467-01927546f001','OHH4','Ốc hương hấp',NULL,'3650c04e-62b1-6908-5598-ae38c5379e4b',NULL,NULL,20000.0000,NULL,0.0000,'Nguyễn Anh Quân','2023-05-03 08:09:03','Nguyễn Anh Quân','2023-05-03 08:09:03',0,0),('cc7c3118-3f62-424c-957b-f70c8fbb45fa','CCHB2','Cá chép hấp bia',NULL,'3650c04e-62b1-6908-5598-ae38c5379e4b',NULL,NULL,300000.0000,NULL,0.0000,'Nguyễn Anh Quân','2023-05-03 08:15:28','Nguyễn Anh Quân','2023-05-03 08:15:28',0,0),('cce2762e-95dc-44c9-8f71-3491b406cd26','CRR11','Cá rô rán ','6528b15d-6674-724f-79a4-4b24de418577','6827e1c0-5b98-6d19-831b-27d9d367aeb0',NULL,NULL,21999.0000,NULL,200000.0000,'Nguyễn Anh Quân','2023-05-03 08:18:05','Nguyễn Anh Quân','2023-05-03 08:18:05',0,0),('cd0aced2-0efc-4200-ba4c-626c45cf141d','SLH','Sò lông hấp','3e39129b-279f-623f-88ea-778aee59fea3','6827e1c0-5b98-6d19-831b-27d9d367aeb0',NULL,NULL,10000.0000,NULL,20000.0000,'Nguyễn Anh Quân','2023-04-30 23:48:28','Nguyễn Anh Quân','2023-04-30 23:48:28',0,0),('cdc1b056-b9c2-4e01-bb61-06540b53f46f','LMXT','Lợn mán xào tỏi','6528b15d-6674-724f-79a4-4b24de418577','6827e1c0-5b98-6d19-831b-27d9d367aeb0','4e272fc4-7875-78d6-7d32-6a1673ffca7c','Lợn ngon',20.0000,NULL,100000.0000,'Nguyễn Anh Quân','2023-04-26 08:57:31','Nguyễn Anh Quân','2023-04-26 08:57:31',1,0),('cee3cbdc-a9b9-4da8-876e-d256558fe0a1','GQBK15','Gà quay Bắc Kinh','3e39129b-279f-623f-88ea-778aee59fea3','6827e1c0-5b98-6d19-831b-27d9d367aeb0','469b3ece-744a-45d5-957d-e8c757976496',NULL,200000.0000,NULL,180000.0000,'Nguyễn Anh Quân','2023-05-03 08:10:20','Nguyễn Anh Quân','2023-05-03 08:10:20',0,0),('d02c2411-1222-4108-9065-c48f8aed6a07','GQBK18','Gà quay Bắc Kinh','3e39129b-279f-623f-88ea-778aee59fea3','6827e1c0-5b98-6d19-831b-27d9d367aeb0','469b3ece-744a-45d5-957d-e8c757976496',NULL,200000.0000,NULL,180000.0000,'Nguyễn Anh Quân','2023-05-03 08:17:19','Nguyễn Anh Quân','2023-05-03 08:17:19',0,0),('d0547b02-4048-4904-b089-db874ffa0e3b','CR3','Canh riêu',NULL,'3650c04e-62b1-6908-5598-ae38c5379e4b',NULL,NULL,100000.0000,NULL,80000.0000,'Nguyễn Anh Quân','2023-05-03 08:06:36','Nguyễn Anh Quân','2023-05-03 08:06:36',0,0),('d0bb7c51-a28f-4233-9657-819c20b1c087','CANHBIXANH','Canh bí xanh','30007451-29ff-4fe4-3707-70859f4ff30d','3650c04e-62b1-6908-5598-ae38c5379e4b','469b3ece-744a-45d5-957d-e8c757976496',NULL,50000.0000,NULL,50000.0000,'Nguyễn Anh Quân','2023-05-03 08:11:42','Nguyễn Anh Quân','2023-05-03 08:11:42',1,0),('d0ded9b3-7fa0-4e09-8c2f-b8d657535a5d','CCR','Cá chiên ròn','34e2b4cc-3758-293d-7aa4-4b24de418577','3650c04e-62b1-6908-5598-ae38c5379e4b',NULL,NULL,20000.0000,'a2b1b18b-4ce8-43fa-95f0-ceeedf4ff7f9.jpg',10000.0000,'Nguyễn Anh Quân','2023-04-29 22:51:52','Nguyễn Anh Quân','2023-04-29 22:51:52',0,0),('d17a5e36-d332-4581-9710-f544261aa3fe','CBX','Canh bí xanh','30007451-29ff-4fe4-3707-70859f4ff30d','3650c04e-62b1-6908-5598-ae38c5379e4b','469b3ece-744a-45d5-957d-e8c757976496',NULL,50000.0000,NULL,50000.0000,'Nguyễn Anh Quân','2023-04-19 23:40:34','Nguyễn Anh Quân','2023-04-19 23:40:34',1,0),('d1c78525-27a9-481f-bd25-1076301f44d4','CDX2','Cháo đỗ xanh',NULL,'3650c04e-62b1-6908-5598-ae38c5379e4b',NULL,NULL,30000.0000,NULL,0.0000,'Nguyễn Anh Quân','2023-05-03 08:16:28','Nguyễn Anh Quân','2023-05-03 08:16:28',0,0),('d1de3f37-34c9-4fb7-a612-41e3b4fa84b9','TSH4','Tôm sú hấp',NULL,'6827e1c0-5b98-6d19-831b-27d9d367aeb0',NULL,NULL,100000.0000,NULL,40000.0000,'Nguyễn Anh Quân','2023-05-03 08:17:40','Nguyễn Anh Quân','2023-05-03 08:17:40',0,0),('d1f39938-1924-4053-99ed-a8936876919e','GXHD19','Gà xào hạt điều','27f91d6c-14b1-6c74-92ef-c9d5c2d91e91','6827e1c0-5b98-6d19-831b-27d9d367aeb0',NULL,NULL,20000.0000,NULL,0.0000,'Nguyễn Anh Quân','2023-05-03 08:18:19','Nguyễn Anh Quân','2023-05-03 08:18:19',0,0),('d226e7d9-6d63-4cc6-9444-220c3166bb67','TKTTD4','Thịt kho tàu trứng dừa','6528b15d-6674-724f-79a4-4b24de418577','6827e1c0-5b98-6d19-831b-27d9d367aeb0',NULL,NULL,190000.0000,NULL,150000.0000,'Nguyễn Anh Quân','2023-05-03 08:18:04','Nguyễn Anh Quân','2023-05-03 08:18:04',0,0),('d30dd48e-891e-4bc7-8a18-42639818bd99','BB','Bánh bèo',NULL,'3650c04e-62b1-6908-5598-ae38c5379e4b','142cb08f-7c31-21fa-8e90-67245e8b283e',NULL,50000.0000,'3d4d2543-f55a-4485-92c6-ddfb86f7cd33.jpg',20000.0000,'Nguyễn Anh Quân','2023-05-10 15:20:37','Nguyễn Anh Quân','2023-05-10 15:20:37',1,0),('d3664ce5-dc84-4a3c-b6ba-ccdaeed9a0d9','TRMC11','Tôm rang me chua','6528b15d-6674-724f-79a4-4b24de418577','3650c04e-62b1-6908-5598-ae38c5379e4b','469b3ece-744a-45d5-957d-e8c757976496',NULL,50000.0000,NULL,50000.0000,'Nguyễn Anh Quân','2023-05-03 08:18:15','Nguyễn Anh Quân','2023-05-03 08:18:15',1,0),('d3d687d9-bff2-49ba-9266-b36da990b7d0','HD','Hạt điều','30007451-29ff-4fe4-3707-70859f4ff30d','1f60e54f-196f-45f3-5498-ae38c5379e4b',NULL,NULL,140000.0000,NULL,0.0000,'Nguyễn Anh Quân','2023-04-28 23:53:06','Nguyễn Anh Quân','2023-04-28 23:53:06',0,0),('d45399d5-9c8f-40d0-98f7-3cab493d7f98','SV','Sốt vang','27f91d6c-14b1-6c74-92ef-c9d5c2d91e91','1f60e54f-196f-45f3-5498-ae38c5379e4b',NULL,NULL,50000.0000,NULL,0.0000,'Nguyễn Anh Quân','2023-04-22 13:18:21','Nguyễn Anh Quân','2023-04-22 13:18:21',0,0),('d46621e3-f7d6-4088-8549-bbeee5726c89','TNCT13','Thịt nướng cháy tỏi','3e39129b-279f-623f-88ea-778aee59fea3','6827e1c0-5b98-6d19-831b-27d9d367aeb0',NULL,NULL,0.0000,NULL,0.0000,'Nguyễn Anh Quân','2023-05-03 08:17:31','Nguyễn Anh Quân','2023-05-03 08:17:31',0,0),('d46f9b5d-af3e-4e01-975c-1ffaf71a9fa4','BDCHN','Bánh đa cua Hà Nội','30007451-29ff-4fe4-3707-70859f4ff30d','3650c04e-62b1-6908-5598-ae38c5379e4b','469b3ece-744a-45d5-957d-e8c757976496','',200000.0000,'ed44ccc9-75ba-4519-8ce8-026d5391bac7.jpg',150000.0000,'Nguyễn Anh Quân','2023-05-09 10:24:34','Nguyễn Anh Quân','2023-05-09 10:24:34',0,1),('d48951ba-420d-44da-88f3-30a55d5c613b','ND','Nước dừa','34e2b4cc-3758-293d-7aa4-4b24de418577','3650c04e-62b1-6908-5598-ae38c5379e4b','469b3ece-744a-45d5-957d-e8c757976496',NULL,30000.0000,'c31e1350-98f9-4487-9848-2eea5546a728.jpg',14000.0000,'Nguyễn Anh Quân','2023-05-09 10:24:34','Nguyễn Anh Quân','2023-05-09 10:24:34',0,1),('d4aba0bb-1c81-459d-b461-8d5292a1dbcf','TDDL','Trứng đà điểu luộc',NULL,'3650c04e-62b1-6908-5598-ae38c5379e4b',NULL,NULL,400000.0000,NULL,0.0000,'Nguyễn Anh Quân','2023-04-22 13:26:09','Nguyễn Anh Quân','2023-04-22 13:26:09',0,0),('d4b198d6-ce57-46ea-ae62-1dfeae0cc55c','HTMT','Hủ tiếu Mỹ Tho','30007451-29ff-4fe4-3707-70859f4ff30d','3650c04e-62b1-6908-5598-ae38c5379e4b','142cb08f-7c31-21fa-8e90-67245e8b283e',NULL,100000.0000,'eb035c2f-5b23-4d2c-9b11-265429edb793.jpg',80000.0000,'Nguyễn Anh Quân','2023-05-10 15:18:21','Nguyễn Anh Quân','2023-05-10 15:18:21',1,0),('d4c6c63f-e030-4adb-b2b9-3875a74e16e8','CRR','Cá rô rán ','6528b15d-6674-724f-79a4-4b24de418577','6827e1c0-5b98-6d19-831b-27d9d367aeb0',NULL,NULL,21999.0000,NULL,200000.0000,'Nguyễn Anh Quân','2023-05-01 00:08:24','Nguyễn Anh Quân','2023-05-01 00:08:24',0,0),('d5d7db30-2238-40db-8ffc-4787a229fba2','CCHB3','Cá chép hấp bia',NULL,'3650c04e-62b1-6908-5598-ae38c5379e4b',NULL,NULL,300000.0000,NULL,0.0000,'Nguyễn Anh Quân','2023-05-03 08:18:08','Nguyễn Anh Quân','2023-05-03 08:18:08',0,0),('d6c6b0c6-5c88-4a65-ac61-0f6d3eda1da8','CUM11','Cá ướp muối',NULL,'6827e1c0-5b98-6d19-831b-27d9d367aeb0',NULL,NULL,20000.0000,NULL,0.0000,'Nguyễn Anh Quân','2023-05-03 08:09:34','Nguyễn Anh Quân','2023-05-03 08:09:34',0,0),('d86eab46-6e7d-4a6c-9c85-628e8e0bfef3','CNCC9','Canh ngao cà chua','30007451-29ff-4fe4-3707-70859f4ff30d','3650c04e-62b1-6908-5598-ae38c5379e4b','469b3ece-744a-45d5-957d-e8c757976496',NULL,50000.0000,NULL,50000.0000,'Nguyễn Anh Quân','2023-05-03 08:17:43','Nguyễn Anh Quân','2023-05-03 08:17:43',1,0),('d91e79e1-4daa-4bbe-ace7-033d4f575d2e','MNHV','Món Ngon Hầm Vị',NULL,'573a47ac-ae90-4862-a155-5af5f76a2e26',NULL,NULL,12301.0000,NULL,0.0000,'Nguyễn Anh Quân','2023-08-31 10:52:12','Nguyễn Anh Quân','2023-08-31 10:52:12',0,0),('d93b2263-dfb4-45bc-9467-b2da28d1e21c','MICAY','Mì cay','30007451-29ff-4fe4-3707-70859f4ff30d','6827e1c0-5b98-6d19-831b-27d9d367aeb0',NULL,NULL,20000.0000,NULL,0.0000,'Nguyễn Anh Quân','2023-05-03 08:14:49','Nguyễn Anh Quân','2023-05-03 08:14:49',0,0),('da01e948-cad8-4a89-8107-06efd0ffcdf1','TND','Trà nhiệt đới','34e2b4cc-3758-293d-7aa4-4b24de418577','3650c04e-62b1-6908-5598-ae38c5379e4b','469b3ece-744a-45d5-957d-e8c757976496',NULL,50000.0000,NULL,50000.0000,'Nguyễn Anh Quân','2023-04-19 23:44:45','Nguyễn Anh Quân','2023-04-19 23:44:45',1,0),('da14fbd0-358a-47cc-bd15-0254f43fbb78','BABAHAP','Ba Ba hấp','3e39129b-279f-623f-88ea-778aee59fea3','6827e1c0-5b98-6d19-831b-27d9d367aeb0',NULL,NULL,30000.0000,'e3899602-1394-4c12-a04e-d6a7ef7b3cd3.jpg',0.0000,'Nguyễn Anh Quân','2023-08-29 13:00:24','Nguyễn Anh Quân','2023-08-29 13:00:24',1,0),('daedebac-a228-4b1a-a320-017e5194ee3c','TRUNGXAOMUOPDANG','Trứng xào mướp đắng','27f91d6c-14b1-6c74-92ef-c9d5c2d91e91','6827e1c0-5b98-6d19-831b-27d9d367aeb0',NULL,NULL,15000.0000,NULL,10000.0000,'Nguyễn Anh Quân','2023-05-03 08:11:08','Nguyễn Anh Quân','2023-05-03 08:11:08',0,0),('db0f2a2f-372c-466f-b5ee-9480ba61a619','LMXT17','Lợn mán xào tỏi','6528b15d-6674-724f-79a4-4b24de418577','6827e1c0-5b98-6d19-831b-27d9d367aeb0','4e272fc4-7875-78d6-7d32-6a1673ffca7c','Lợn ngon',20.0000,NULL,100000.0000,'Nguyễn Anh Quân','2023-05-03 08:18:25','Nguyễn Anh Quân','2023-05-03 08:18:25',1,0),('db5c777f-2080-4d7c-b90a-5f8adf192f73','CHAOGA','Cháo gà',NULL,'3650c04e-62b1-6908-5598-ae38c5379e4b',NULL,NULL,20000.0000,NULL,0.0000,'Nguyễn Anh Quân','2023-05-03 08:14:42','Nguyễn Anh Quân','2023-05-03 08:14:42',0,0),('dbe28fef-ebbb-454d-8481-0a71c7af69e0','MN11','Mực nướng',NULL,'6827e1c0-5b98-6d19-831b-27d9d367aeb0',NULL,NULL,300000.0000,NULL,20000.0000,'Nguyễn Anh Quân','2023-05-03 08:17:37','Nguyễn Anh Quân','2023-05-03 08:17:37',0,0),('dca65747-c535-4489-ae08-3d3fb6ee1041','TNCT','Thịt nướng cháy tỏi','3e39129b-279f-623f-88ea-778aee59fea3','6827e1c0-5b98-6d19-831b-27d9d367aeb0',NULL,NULL,0.0000,NULL,0.0000,'Nguyễn Anh Quân','2023-04-29 23:29:49','Nguyễn Anh Quân','2023-04-29 23:29:49',0,0),('ddb65a8b-67bf-44c8-a0af-b9fca834c555','CRDB4','Cơm rang dưa bò','6528b15d-6674-724f-79a4-4b24de418577','6827e1c0-5b98-6d19-831b-27d9d367aeb0',NULL,NULL,200000.0000,NULL,200000.0000,'Nguyễn Anh Quân','2023-05-03 08:17:39','Nguyễn Anh Quân','2023-05-03 08:17:39',0,0),('ddcafeab-28ef-42ad-9af1-287b1abbbdf3','MUCNUONG','Mực nướng',NULL,'6827e1c0-5b98-6d19-831b-27d9d367aeb0',NULL,NULL,300000.0000,'f62985ea-318b-48aa-90df-348b44855085.jpg',20000.0000,'Nguyễn Anh Quân','2023-04-29 23:40:16','Nguyễn Anh Quân','2023-04-29 23:40:16',0,0),('ddf31d99-6d2f-4ebb-b9ba-05be48025794','GHTB','Gà hầm thuốc bắc','27f91d6c-14b1-6c74-92ef-c9d5c2d91e91','6827e1c0-5b98-6d19-831b-27d9d367aeb0',NULL,NULL,13000.0000,NULL,20000.0000,'Nguyễn Anh Quân','2023-04-28 21:38:32','Nguyễn Anh Quân','2023-04-28 21:38:32',0,0),('de98f9bb-7c33-4292-99ec-744807ddc40e','CRYM18','Cơm rang yến mạch','6528b15d-6674-724f-79a4-4b24de418577','3650c04e-62b1-6908-5598-ae38c5379e4b','469b3ece-744a-45d5-957d-e8c757976496',NULL,50000.0000,NULL,50000.0000,'Nguyễn Anh Quân','2023-05-03 08:14:08','Nguyễn Anh Quân','2023-05-03 08:14:08',1,0),('df4646c9-44c7-460a-9c03-ab7867768be3','TGR15','Thịt gà rang ','6528b15d-6674-724f-79a4-4b24de418577','6827e1c0-5b98-6d19-831b-27d9d367aeb0',NULL,'Gà Bắc Giang cực ngon',100000.0000,NULL,20000.0000,'Nguyễn Anh Quân','2023-05-03 08:17:52','Nguyễn Anh Quân','2023-05-03 08:17:52',0,0),('dfcdb55b-ab4c-4d15-9db2-248b4857661c','CLL20','Chả lá lốt','27f91d6c-14b1-6c74-92ef-c9d5c2d91e91','6827e1c0-5b98-6d19-831b-27d9d367aeb0','142cb08f-7c31-21fa-8e90-67245e8b283e',NULL,30000.0000,NULL,10000.0000,'Nguyễn Anh Quân','2023-05-03 08:18:23','Nguyễn Anh Quân','2023-05-03 08:18:23',0,0),('e0cbca0c-a761-4a3a-970f-8192ded87d66','COMRANGDUABO','Cơm rang dưa bò','6528b15d-6674-724f-79a4-4b24de418577','6827e1c0-5b98-6d19-831b-27d9d367aeb0',NULL,NULL,200000.0000,NULL,200000.0000,'Nguyễn Anh Quân','2023-05-03 08:11:16','Nguyễn Anh Quân','2023-05-03 08:11:16',0,0),('e1a21bde-4f86-434a-ba09-ad5bba2a1249','GL18','Gà luộc','3e39129b-279f-623f-88ea-778aee59fea3','3650c04e-62b1-6908-5598-ae38c5379e4b','469b3ece-744a-45d5-957d-e8c757976496',NULL,50000.0000,NULL,50000.0000,'Nguyễn Anh Quân','2023-05-03 08:17:16','Nguyễn Anh Quân','2023-05-03 08:17:16',1,0),('e24bd288-d2a8-4088-85d1-ce4ca41e0771','CAKHOTUONG','Cá kho tương','6528b15d-6674-724f-79a4-4b24de418577','3650c04e-62b1-6908-5598-ae38c5379e4b','469b3ece-744a-45d5-957d-e8c757976496',NULL,20000.0000,'96ce7d20-f742-4b5b-8314-b78d54663b4c.jpg',14000.0000,'Nguyễn Anh Quân','2023-05-03 08:14:24','Nguyễn Anh Quân','2023-05-03 08:14:24',0,0),('e2ad37fb-1ed2-4492-85c9-273de57ccf38','STB23','Sinh tố bơ','34e2b4cc-3758-293d-7aa4-4b24de418577','3650c04e-62b1-6908-5598-ae38c5379e4b','469b3ece-744a-45d5-957d-e8c757976496',NULL,50000.0000,NULL,50000.0000,'Nguyễn Anh Quân','2023-05-03 08:18:00','Nguyễn Anh Quân','2023-05-03 08:18:00',1,0),('e35db937-e125-4852-b831-7352fc2f4548','DGR','Đùi gà rang ','6528b15d-6674-724f-79a4-4b24de418577','6827e1c0-5b98-6d19-831b-27d9d367aeb0',NULL,NULL,30000.0000,NULL,0.0000,'Nguyễn Anh Quân','2023-04-29 23:27:19','Nguyễn Anh Quân','2023-04-29 23:27:19',0,0),('e37b1ffe-f8dd-431c-bd27-ea56baba15e4','BCG','bánh canh ghẹ','30007451-29ff-4fe4-3707-70859f4ff30d','3650c04e-62b1-6908-5598-ae38c5379e4b',NULL,NULL,667608.0000,NULL,56507.0000,'Nguyễn Anh Quân','2023-08-31 08:22:04','Nguyễn Anh Quân','2023-08-31 08:22:04',0,0),('e43d0d74-6813-49da-bfa9-031be49acf88','BTL','Bánh trưng luộc','3e39129b-279f-623f-88ea-778aee59fea3','3650c04e-62b1-6908-5598-ae38c5379e4b',NULL,NULL,2000.0000,NULL,0.0000,'Nguyễn Anh Quân','2023-04-28 23:50:33','Nguyễn Anh Quân','2023-04-28 23:50:33',0,0),('e462666e-84bc-4c18-b342-e4f4ed2803bd','GAXAONAM','Gà xào nấm','27f91d6c-14b1-6c74-92ef-c9d5c2d91e91','13a507d0-342d-6292-6de3-2ceaa9cf3765',NULL,NULL,15000.0000,NULL,10000.0000,'Nguyễn Anh Quân','2023-05-03 08:14:27','Nguyễn Anh Quân','2023-05-03 08:14:27',0,0),('e46e83cd-32fd-484e-a93f-2c5dc043362a','CR11','Canh riêu',NULL,'3650c04e-62b1-6908-5598-ae38c5379e4b',NULL,NULL,100000.0000,NULL,80000.0000,'Nguyễn Anh Quân','2023-05-03 08:16:34','Nguyễn Anh Quân','2023-05-03 08:16:34',0,0),('e55ce0ec-67df-402f-ac4b-14c5b2aee472','GAHAMTHUOCBAC','Gà hầm thuốc bắc','27f91d6c-14b1-6c74-92ef-c9d5c2d91e91','6827e1c0-5b98-6d19-831b-27d9d367aeb0',NULL,NULL,13000.0000,NULL,20000.0000,'Nguyễn Anh Quân','2023-05-03 08:14:28','Nguyễn Anh Quân','2023-05-03 08:14:28',0,0),('e5656df1-0d66-4f44-8746-673a289aae03','LR','Lạc rang','30007451-29ff-4fe4-3707-70859f4ff30d','1f60e54f-196f-45f3-5498-ae38c5379e4b',NULL,NULL,13000.0000,NULL,0.0000,'Nguyễn Anh Quân','2023-04-28 23:51:47','Nguyễn Anh Quân','2023-04-28 23:51:47',0,0),('e5ec0a90-70b3-4c2f-958d-06d7178d62ed','BR','Bún riêu',NULL,'3650c04e-62b1-6908-5598-ae38c5379e4b',NULL,NULL,20000.0000,NULL,10000.0000,'Nguyễn Anh Quân','2023-04-28 23:57:59','Nguyễn Anh Quân','2023-04-28 23:57:59',0,0),('e641fb27-c8a9-4bd5-b18b-9aa2be2596a7','TH20','Trứng hấp','27f91d6c-14b1-6c74-92ef-c9d5c2d91e91','3650c04e-62b1-6908-5598-ae38c5379e4b','142cb08f-7c31-21fa-8e90-67245e8b283e','Trứng gà',30000.0000,NULL,20000.0000,'Nguyễn Anh Quân','2023-05-03 08:18:16','Nguyễn Anh Quân','2023-05-03 08:18:16',1,0),('e73da879-655b-48d6-8615-efecbdc072fc','CKT18','Cá kho tiêu','3e39129b-279f-623f-88ea-778aee59fea3','6827e1c0-5b98-6d19-831b-27d9d367aeb0',NULL,NULL,2211111.0000,NULL,230000.0000,'Nguyễn Anh Quân','2023-05-03 08:18:06','Nguyễn Anh Quân','2023-05-03 08:18:06',0,0),('e8dab2c8-c172-47fa-8aa7-38da991e0a37','EXMC','Ếch xào măng chua','34e2b4cc-3758-293d-7aa4-4b24de418577','3650c04e-62b1-6908-5598-ae38c5379e4b','469b3ece-744a-45d5-957d-e8c757976496',NULL,20000.0000,'aabf311a-6f8b-4ab3-a0ce-8c58620ce116.jpg',0.0000,'Nguyễn Anh Quân','2023-04-27 21:51:10','Nguyễn Anh Quân','2023-04-27 21:51:10',0,0),('e92fd129-88ae-44e9-bb41-96fb88253573','CAUOPMUOI','Cá ướp muối',NULL,'6827e1c0-5b98-6d19-831b-27d9d367aeb0',NULL,NULL,20000.0000,NULL,0.0000,'Nguyễn Anh Quân','2023-05-03 08:09:20','Nguyễn Anh Quân','2023-05-03 08:09:20',0,0),('e9ab6ef7-0c0d-410f-a08a-a3d6dd6c8d2d','MR18','Mắm ruốc','6528b15d-6674-724f-79a4-4b24de418577','6827e1c0-5b98-6d19-831b-27d9d367aeb0',NULL,NULL,2000.0000,NULL,0.0000,'Nguyễn Anh Quân','2023-05-03 08:17:26','Nguyễn Anh Quân','2023-05-03 08:17:26',0,0),('ea874974-91fc-41d8-b5cb-1cdc04f15fe9','STB17','Sinh tố bơ','34e2b4cc-3758-293d-7aa4-4b24de418577','3650c04e-62b1-6908-5598-ae38c5379e4b','469b3ece-744a-45d5-957d-e8c757976496',NULL,50000.0000,NULL,50000.0000,'Nguyễn Anh Quân','2023-05-03 08:11:51','Nguyễn Anh Quân','2023-05-03 08:11:51',1,0),('eb19802f-64cc-44bc-927c-86b74e860b0e','CPT','Cà phê trứng','27f91d6c-14b1-6c74-92ef-c9d5c2d91e91','3650c04e-62b1-6908-5598-ae38c5379e4b','469b3ece-744a-45d5-957d-e8c757976496',NULL,20000.0000,'dfa4be47-4dfe-44a9-bd0b-ec15549e2910.jpg',10000.0000,'Nguyễn Anh Quân','2023-05-05 16:08:15','Nguyễn Anh Quân','2023-05-05 16:08:15',1,1),('eb3fe794-664e-45ef-9c35-b4f571bc0619','CUM18','Cá ướp muối',NULL,'6827e1c0-5b98-6d19-831b-27d9d367aeb0',NULL,NULL,20000.0000,NULL,0.0000,'Nguyễn Anh Quân','2023-05-03 08:16:46','Nguyễn Anh Quân','2023-05-03 08:16:46',0,0),('eb4e691e-1d0d-4511-a26f-327965ba6bd5','LE','Lẩu ếch',NULL,'1f60e54f-196f-45f3-5498-ae38c5379e4b',NULL,NULL,200000.0000,NULL,180000.0000,'Nguyễn Anh Quân','2023-04-29 22:48:22','Nguyễn Anh Quân','2023-04-29 22:48:22',0,0),('ebd60146-3ee6-40f8-b218-db525d8f9501','GL19','Gà luộc','3e39129b-279f-623f-88ea-778aee59fea3','3650c04e-62b1-6908-5598-ae38c5379e4b','469b3ece-744a-45d5-957d-e8c757976496',NULL,50000.0000,NULL,50000.0000,'Nguyễn Anh Quân','2023-05-03 08:17:59','Nguyễn Anh Quân','2023-05-03 08:17:59',1,0),('ebf5f1b6-7d4b-4531-adc9-3f73a577268e','NXLC9','Nhộng xào lá chanh',NULL,'13a507d0-342d-6292-6de3-2ceaa9cf3765',NULL,NULL,12000.0000,NULL,0.0000,'Nguyễn Anh Quân','2023-05-03 08:14:16','Nguyễn Anh Quân','2023-05-03 08:14:16',0,0),('ec95517f-2e4c-4ff3-bc32-5c1b2a6f7a35','COMRANGYENMACH','Cơm rang yến mạch','6528b15d-6674-724f-79a4-4b24de418577','3650c04e-62b1-6908-5598-ae38c5379e4b','469b3ece-744a-45d5-957d-e8c757976496',NULL,50000.0000,NULL,50000.0000,'Nguyễn Anh Quân','2023-05-03 08:09:56','Nguyễn Anh Quân','2023-05-03 08:09:56',1,0),('ecc07ff7-6c71-4a56-a49f-3e4e29f907fc','LMXT15','Lợn mán xào tỏi','6528b15d-6674-724f-79a4-4b24de418577','6827e1c0-5b98-6d19-831b-27d9d367aeb0','4e272fc4-7875-78d6-7d32-6a1673ffca7c','Lợn ngon',20.0000,NULL,100000.0000,'Nguyễn Anh Quân','2023-05-03 08:17:22','Nguyễn Anh Quân','2023-05-03 08:17:22',1,0),('eea3ff68-8044-49ee-87d4-8db3d89c9dbc','COMRANGTHIT','Cơm rang thịt','6528b15d-6674-724f-79a4-4b24de418577','6827e1c0-5b98-6d19-831b-27d9d367aeb0',NULL,NULL,0.0000,NULL,0.0000,'Nguyễn Anh Quân','2023-05-03 08:14:48','Nguyễn Anh Quân','2023-05-03 08:14:48',0,0),('eec01ecf-fb0e-4c55-ad99-cdc80f154294','TDDL1','Trứng đà điểu luộc',NULL,'3650c04e-62b1-6908-5598-ae38c5379e4b',NULL,NULL,400000.0000,NULL,0.0000,'Nguyễn Anh Quân','2023-05-03 08:10:18','Nguyễn Anh Quân','2023-05-03 08:10:18',0,0),('ef112234-36f0-4a45-9cde-67e4a1009df7','NGOXAOTEP','Ngô xào tép','27f91d6c-14b1-6c74-92ef-c9d5c2d91e91','13a507d0-342d-6292-6de3-2ceaa9cf3765','142cb08f-7c31-21fa-8e90-67245e8b283e',NULL,20000.0000,NULL,0.0000,'Nguyễn Anh Quân','2023-05-03 08:09:58','Nguyễn Anh Quân','2023-05-03 08:09:58',1,0),('ef4e9acf-c4b2-487c-9650-047eb7d89275','CHAOBO','Cháo bò','27f91d6c-14b1-6c74-92ef-c9d5c2d91e91','3650c04e-62b1-6908-5598-ae38c5379e4b',NULL,NULL,12000.0000,NULL,0.0000,'Nguyễn Anh Quân','2023-04-28 23:54:55','Nguyễn Anh Quân','2023-04-28 23:54:55',0,0),('ef58130d-7e20-420f-bcde-21c9cd1a647d','MLN','Má lợn nướng',NULL,'6827e1c0-5b98-6d19-831b-27d9d367aeb0',NULL,NULL,200000.0000,NULL,0.0000,'Nguyễn Anh Quân','2023-05-02 21:04:38','Nguyễn Anh Quân','2023-05-02 21:04:38',0,0),('efb64455-1922-4436-a5c9-cf0ed5a8b91e','SINHTOBO','Sinh tố bơ','34e2b4cc-3758-293d-7aa4-4b24de418577','3650c04e-62b1-6908-5598-ae38c5379e4b','469b3ece-744a-45d5-957d-e8c757976496',NULL,50000.0000,NULL,50000.0000,'Nguyễn Anh Quân','2023-05-03 08:09:52','Nguyễn Anh Quân','2023-05-03 08:09:52',1,0),('f08799c8-6d95-45d9-b1f2-0b1e7a976086','MN8','Mực nướng',NULL,'6827e1c0-5b98-6d19-831b-27d9d367aeb0',NULL,NULL,300000.0000,'f62985ea-318b-48aa-90df-348b44855085.jpg',20000.0000,'Nguyễn Anh Quân','2023-05-03 08:11:19','Nguyễn Anh Quân','2023-05-03 08:11:19',0,0),('f08e0eba-7e47-4257-995e-7dc7a85016fa','NUOCCAM','Nước Cam','3e39129b-279f-623f-88ea-778aee59fea3','6827e1c0-5b98-6d19-831b-27d9d367aeb0','4e272fc4-7875-78d6-7d32-6a1673ffca7c',NULL,20000.0000,'29f039f5-5ed8-47a9-bbac-6d8c2969e5ee.jpg',10000.0000,'Nguyễn Anh Quân','2023-05-09 12:58:57','Nguyễn Anh Quân','2023-05-09 12:58:57',1,1),('f0b5a104-7485-4a33-b3ca-e4c3658e1f41','CCR10','Cá chim rán','3e39129b-279f-623f-88ea-778aee59fea3','6827e1c0-5b98-6d19-831b-27d9d367aeb0',NULL,NULL,20000.0000,NULL,10000.0000,'Nguyễn Anh Quân','2023-05-03 08:15:36','Nguyễn Anh Quân','2023-05-03 08:15:36',0,0),('f1a72a14-8d42-4203-8f57-60bd82e0c46a','NXT7','Ngô xào tép','27f91d6c-14b1-6c74-92ef-c9d5c2d91e91','13a507d0-342d-6292-6de3-2ceaa9cf3765','142cb08f-7c31-21fa-8e90-67245e8b283e',NULL,20000.0000,NULL,0.0000,'Nguyễn Anh Quân','2023-05-03 08:10:16','Nguyễn Anh Quân','2023-05-03 08:10:16',1,0),('f3142dbe-81fd-45ce-8f30-8e1c314b7ef8','DA','đá',NULL,'1f60e54f-196f-45f3-5498-ae38c5379e4b',NULL,NULL,0.0000,NULL,0.0000,'Nguyễn Anh Quân','2023-08-29 14:15:54','Nguyễn Anh Quân','2023-08-29 14:15:54',0,0),('f32406d4-bc8f-4d6b-8dae-c321387a659c','BTHT','Bánh tôm Hồ Tây',NULL,'6827e1c0-5b98-6d19-831b-27d9d367aeb0','142cb08f-7c31-21fa-8e90-67245e8b283e',NULL,20000.0000,'aea28983-6bb3-4ddf-800e-e4fcd04b86cc.jpg',10000.0000,'Nguyễn Anh Quân','2023-05-05 15:01:34','Nguyễn Anh Quân','2023-05-05 15:01:34',0,0),('f39ddaf1-8ec1-4919-99d8-d6861534141f','DDX2','Đu đủ xào','27f91d6c-14b1-6c74-92ef-c9d5c2d91e91','6827e1c0-5b98-6d19-831b-27d9d367aeb0',NULL,NULL,10000.0000,NULL,0.0000,'Nguyễn Anh Quân','2023-05-03 08:15:24','Nguyễn Anh Quân','2023-05-03 08:15:24',0,0),('f403c6a3-6f42-431d-9f07-d2a2e8329ce5','MD4','Mầm đá',NULL,'6827e1c0-5b98-6d19-831b-27d9d367aeb0',NULL,NULL,3000000.0000,NULL,1000000.0000,'Nguyễn Anh Quân','2023-05-03 08:18:01','Nguyễn Anh Quân','2023-05-03 08:18:01',0,0),('f568580b-4cdd-49e8-a611-f41b7d3a2d31','OHH10','Ốc hương hấp',NULL,'3650c04e-62b1-6908-5598-ae38c5379e4b',NULL,NULL,20000.0000,NULL,0.0000,'Nguyễn Anh Quân','2023-05-03 08:16:40','Nguyễn Anh Quân','2023-05-03 08:16:40',0,0),('f62cf072-30f2-41e4-b443-330165d6e4d5','BCTB','Bánh cann Tràng Bàng',NULL,'3650c04e-62b1-6908-5598-ae38c5379e4b','469b3ece-744a-45d5-957d-e8c757976496',NULL,100000.0000,'5dbd54b8-a4e6-491f-9186-bb5d7a32fd6f.jpg',80000.0000,'Nguyễn Anh Quân','2023-05-10 15:05:44','Nguyễn Anh Quân','2023-05-10 15:05:44',1,0),('f773d4dd-9ada-4337-9a44-2eb68c61c3f5','NXT12','Ngô xào tép','27f91d6c-14b1-6c74-92ef-c9d5c2d91e91','13a507d0-342d-6292-6de3-2ceaa9cf3765','142cb08f-7c31-21fa-8e90-67245e8b283e',NULL,20000.0000,NULL,0.0000,'Nguyễn Anh Quân','2023-05-03 08:17:20','Nguyễn Anh Quân','2023-05-03 08:17:20',1,0),('f86ab95c-6bcf-48fd-bf2b-e608415a1a95','NXT10','Ngô xào tép','27f91d6c-14b1-6c74-92ef-c9d5c2d91e91','13a507d0-342d-6292-6de3-2ceaa9cf3765','142cb08f-7c31-21fa-8e90-67245e8b283e',NULL,20000.0000,NULL,0.0000,'Nguyễn Anh Quân','2023-05-03 08:14:10','Nguyễn Anh Quân','2023-05-03 08:14:10',1,0),('f88ec587-6013-4061-a31b-bcfc42014005','MN','Mực nướng',NULL,'6827e1c0-5b98-6d19-831b-27d9d367aeb0',NULL,NULL,300000.0000,NULL,20000.0000,'Nguyễn Anh Quân','2023-04-29 23:30:12','Nguyễn Anh Quân','2023-04-29 23:30:12',0,0),('f8a33bc1-5535-46b5-a09e-e3e63c93bba3','TDCS19','Trà đào cam sả','34e2b4cc-3758-293d-7aa4-4b24de418577','3650c04e-62b1-6908-5598-ae38c5379e4b','469b3ece-744a-45d5-957d-e8c757976496',NULL,50000.0000,NULL,50000.0000,'Nguyễn Anh Quân','2023-05-03 08:17:51','Nguyễn Anh Quân','2023-05-03 08:17:51',1,0),('fa2d4c30-a532-4b27-a6cd-61dc26a685c8','OLX','Óc lợn xào','27f91d6c-14b1-6c74-92ef-c9d5c2d91e91','6827e1c0-5b98-6d19-831b-27d9d367aeb0',NULL,NULL,20000.0000,NULL,10000.0000,'Nguyễn Anh Quân','2023-04-29 23:07:43','Nguyễn Anh Quân','2023-04-29 23:07:43',0,0),('fcd3ee84-1b8f-48d9-bf65-a919596dc3ba','BC','Bánh cáy',NULL,'6827e1c0-5b98-6d19-831b-27d9d367aeb0',NULL,NULL,10000.0000,NULL,0.0000,'Nguyễn Anh Quân','2023-04-29 10:19:47','Nguyễn Anh Quân','2023-04-29 10:19:47',0,0),('fcee5643-d94b-47f6-86c1-9db959374bac','NCR','Nem chua rán','6528b15d-6674-724f-79a4-4b24de418577','6827e1c0-5b98-6d19-831b-27d9d367aeb0','142cb08f-7c31-21fa-8e90-67245e8b283e','Nem chua rán ',80000.0000,NULL,20000.0000,'Nguyễn Anh Quân','2023-04-21 21:38:23','Nguyễn Anh Quân','2023-04-21 21:38:23',0,0),('fd7aae8c-c955-472a-a261-633e1de92a8e','CRDB','Cơm rang dưa bò','6528b15d-6674-724f-79a4-4b24de418577','6827e1c0-5b98-6d19-831b-27d9d367aeb0',NULL,NULL,200000.0000,NULL,200000.0000,'Nguyễn Anh Quân','2023-04-29 23:06:45','Nguyễn Anh Quân','2023-04-29 23:06:45',0,0),('fddaedd2-b334-4128-8e35-004b1c496ca1','VOS16','Vịt om sấu',NULL,'3650c04e-62b1-6908-5598-ae38c5379e4b',NULL,NULL,200000.0000,NULL,0.0000,'Nguyễn Anh Quân','2023-05-03 08:17:35','Nguyễn Anh Quân','2023-05-03 08:17:35',0,0),('fe7e2a98-ce50-4240-aef1-8ec7f5c4f180','NXLC12','Nhộng xào lá chanh',NULL,'13a507d0-342d-6292-6de3-2ceaa9cf3765',NULL,NULL,12000.0000,NULL,0.0000,'Nguyễn Anh Quân','2023-05-03 08:18:21','Nguyễn Anh Quân','2023-05-03 08:18:21',0,0),('fec81c84-6b20-4649-9131-77770876fb5b','CR','Canh riêu',NULL,'3650c04e-62b1-6908-5598-ae38c5379e4b',NULL,NULL,100000.0000,NULL,80000.0000,'Nguyễn Anh Quân','2023-05-02 21:04:34','Nguyễn Anh Quân','2023-05-02 21:04:34',0,0),('ff718711-83aa-4cf8-b6a6-7a0f7fcfac0c','STB15','Sinh tố bơ','34e2b4cc-3758-293d-7aa4-4b24de418577','3650c04e-62b1-6908-5598-ae38c5379e4b','469b3ece-744a-45d5-957d-e8c757976496',NULL,50000.0000,NULL,50000.0000,'Nguyễn Anh Quân','2023-05-03 08:09:54','Nguyễn Anh Quân','2023-05-03 08:09:54',1,0),('ff9d80bb-905d-4666-8553-b5100712a638','TXH','Thịt xào hành','27f91d6c-14b1-6c74-92ef-c9d5c2d91e91','6827e1c0-5b98-6d19-831b-27d9d367aeb0','142cb08f-7c31-21fa-8e90-67245e8b283e',NULL,50000.0000,NULL,50000.0000,'Nguyễn Anh Quân','2023-04-19 23:35:12','Nguyễn Anh Quân','2023-04-19 23:35:12',1,0);
/*!40000 ALTER TABLE `food` ENABLE KEYS */;
UNLOCK TABLES;

--
-- Table structure for table `foodunit`
--

DROP TABLE IF EXISTS `foodunit`;
/*!40101 SET @saved_cs_client     = @@character_set_client */;
/*!50503 SET character_set_client = utf8mb4 */;
CREATE TABLE `foodunit` (
  `FoodUnitID` char(36) NOT NULL DEFAULT '' COMMENT 'ID đơn vị tính',
  `FoodUnitName` varchar(255) NOT NULL DEFAULT '' COMMENT 'Tên đơn vị tính',
  `FoodUnitDescription` text COMMENT 'Mô tả đơn vị tính',
  `CreatedBy` varchar(255) DEFAULT NULL COMMENT 'Người tạo',
  `CreatedDate` datetime DEFAULT NULL COMMENT 'Ngày tạo',
  `ModifiedBy` varchar(255) CHARACTER SET utf8mb3 COLLATE utf8mb3_general_ci DEFAULT NULL COMMENT 'Người sửa',
  `ModifiedDate` datetime DEFAULT NULL COMMENT 'Ngày sửa',
  PRIMARY KEY (`FoodUnitID`)
) ENGINE=InnoDB DEFAULT CHARSET=utf8mb4 COLLATE=utf8mb4_0900_ai_ci AVG_ROW_LENGTH=3276 COMMENT='Bảng danh sách đơn vị tính';
/*!40101 SET character_set_client = @saved_cs_client */;

--
-- Dumping data for table `foodunit`
--

LOCK TABLES `foodunit` WRITE;
/*!40000 ALTER TABLE `foodunit` DISABLE KEYS */;
INSERT INTO `foodunit` VALUES ('13a507d0-342d-6292-6de3-2ceaa9cf3765','Xiên','','Nguyễn Anh Quân','2011-06-30 23:21:52','Nguyễn Anh Quân','2011-12-22 07:50:16'),('1f60e54f-196f-45f3-5498-ae38c5379e4b','Nồi','','Nguyễn Anh Quân','2011-12-25 13:42:14','Nguyễn Anh Quân','1970-01-01 00:00:02'),('3650c04e-62b1-6908-5598-ae38c5379e4b','Bát','','Nguyễn Anh Quân','2018-09-19 17:48:21','Nguyễn Anh Quân','1970-01-01 01:40:13'),('573a47ac-ae90-4862-a155-5af5f76a2e26','Thúng','string','Nguyễn Anh Quân','2023-08-31 10:50:51','Nguyễn Anh Quân','2023-08-31 10:50:51'),('6827e1c0-5b98-6d19-831b-27d9d367aeb0','Đĩa','','Nguyễn Anh Quân','2012-12-31 10:13:19','Nguyễn Anh Quân','1970-01-01 00:00:04'),('6e0dc48e-3eac-6143-9b66-a58ab8ff47ca','Tô','','Nguyễn Anh Quân','2006-07-04 19:59:32','Nguyễn Anh Quân','1983-10-09 02:17:48');
/*!40000 ALTER TABLE `foodunit` ENABLE KEYS */;
UNLOCK TABLES;

--
-- Table structure for table `menugroup`
--

DROP TABLE IF EXISTS `menugroup`;
/*!40101 SET @saved_cs_client     = @@character_set_client */;
/*!50503 SET character_set_client = utf8mb4 */;
CREATE TABLE `menugroup` (
  `MenuGroupID` char(36) NOT NULL DEFAULT '' COMMENT 'ID nhóm thực đơn',
  `MenuGroupCode` varchar(20) DEFAULT NULL COMMENT 'Mã nhóm thực đơn',
  `MenuGroupName` varchar(255) DEFAULT NULL COMMENT 'Tên nhóm thực đơn',
  `MenuGroupType` int DEFAULT NULL COMMENT 'Loại thực đơn (1 - Món ăn , 2 - Đồ uống, 3 - Combo, 4 - Khác )',
  `CookRoomID` char(36) DEFAULT NULL COMMENT 'ID nơi chế biến',
  `MenuGroupDescription` text COMMENT 'Mô tả nhóm thực đơn',
  `CreatedBy` varchar(255) DEFAULT NULL COMMENT 'Người tạo',
  `CreatedDate` datetime DEFAULT NULL COMMENT 'Ngày tạo',
  `ModifiedBy` varchar(255) DEFAULT NULL COMMENT 'Người sửa',
  `ModifiedDate` datetime DEFAULT NULL,
  PRIMARY KEY (`MenuGroupID`),
  UNIQUE KEY `UK_menugroup_MenuGroupCode` (`MenuGroupCode`),
  KEY `FK_menugroup_CookRoomID` (`CookRoomID`),
  CONSTRAINT `FK_menugroup_CookRoomID` FOREIGN KEY (`CookRoomID`) REFERENCES `cookroom` (`CookRoomID`)
) ENGINE=InnoDB DEFAULT CHARSET=utf8mb4 COLLATE=utf8mb4_0900_ai_ci AVG_ROW_LENGTH=3276 COMMENT='Bảnh nhóm thực đơn';
/*!40101 SET character_set_client = @saved_cs_client */;

--
-- Dumping data for table `menugroup`
--

LOCK TABLES `menugroup` WRITE;
/*!40000 ALTER TABLE `menugroup` DISABLE KEYS */;
INSERT INTO `menugroup` VALUES ('27f91d6c-14b1-6c74-92ef-c9d5c2d91e91','MN-0007','Món xào',2,'4e272fc4-7875-78d6-7d32-6a1673ffca7c','','Nguyễn Anh Quân','1970-01-01 00:00:03','Nguyễn Anh Quân',NULL),('30007451-29ff-4fe4-3707-70859f4ff30d','MN-0001','Món canh',3,'469b3ece-744a-45d5-957d-e8c757976496','','Nguyễn Anh Quân','2009-05-25 01:55:11','Nguyễn Anh Quân',NULL),('34e2b4cc-3758-293d-7aa4-4b24de418577','MN-0000','Nước ngọt',1,'469b3ece-744a-45d5-957d-e8c757976496','','Nguyễn Anh Quân','2008-02-10 01:21:47','Nguyễn Anh Quân',NULL),('3e39129b-279f-623f-88ea-778aee59fea3','MN-0003','Món luộc',3,'142cb08f-7c31-21fa-8e90-67245e8b283e','','Nguyễn Anh Quân','1977-11-02 18:30:24','Nguyễn Anh Quân',NULL),('6528b15d-6674-724f-79a4-4b24de418577','MN-0002','Món rang',2,'4e272fc4-7875-78d6-7d32-6a1673ffca7c','','Nguyễn Anh Quân','1970-06-06 09:07:02','Nguyễn Anh Quân',NULL);
/*!40000 ALTER TABLE `menugroup` ENABLE KEYS */;
UNLOCK TABLES;

--
-- Table structure for table `servicehobby`
--

DROP TABLE IF EXISTS `servicehobby`;
/*!40101 SET @saved_cs_client     = @@character_set_client */;
/*!50503 SET character_set_client = utf8mb4 */;
CREATE TABLE `servicehobby` (
  `ServiceHobbyID` char(36) NOT NULL DEFAULT '' COMMENT 'ID sở thích phục vụ',
  `ServiceHobbyName` varchar(255) DEFAULT NULL COMMENT 'Tên sở thích phụ vụ',
  `AdditionalPayment` decimal(18,4) DEFAULT NULL COMMENT 'Trả thêm',
  `CreatedBy` varchar(255) DEFAULT NULL COMMENT 'Người tạo',
  `CreatedDate` datetime DEFAULT NULL,
  `ModifiedBy` varchar(255) DEFAULT NULL COMMENT 'Người sửa',
  `ModifiedDate` datetime DEFAULT NULL,
  `FoodID` char(36) DEFAULT NULL,
  PRIMARY KEY (`ServiceHobbyID`),
  KEY `FK_servicehobby_FoodID` (`FoodID`),
  CONSTRAINT `FK_servicehobby_FoodID` FOREIGN KEY (`FoodID`) REFERENCES `food` (`FoodID`) ON DELETE CASCADE ON UPDATE CASCADE
) ENGINE=InnoDB DEFAULT CHARSET=utf8mb4 COLLATE=utf8mb4_0900_ai_ci AVG_ROW_LENGTH=261 COMMENT='Bảng sở thích phục vụ';
/*!40101 SET character_set_client = @saved_cs_client */;

--
-- Dumping data for table `servicehobby`
--

LOCK TABLES `servicehobby` WRITE;
/*!40000 ALTER TABLE `servicehobby` DISABLE KEYS */;
INSERT INTO `servicehobby` VALUES ('12c64c7c-47a4-11ee-b692-d0ca863ea47e','Kimchi',0.0000,'Nguyễn Anh Quân','2023-08-31 09:14:11','Nguyễn Anh Quân','2023-08-31 09:14:11','a89df193-777f-47bc-b348-aed9a25d2d0c'),('12c6fb4a-47a4-11ee-b692-d0ca863ea47e','Tái Chín',10000.0000,'Nguyễn Anh Quân','2023-08-31 09:14:11','Nguyễn Anh Quân','2023-08-31 09:14:11','a89df193-777f-47bc-b348-aed9a25d2d0c'),('1b46ffb6-47b5-11ee-b692-d0ca863ea47e','Oái Oăm',4000000.0000,'Nguyễn Anh Quân','2023-08-31 11:16:06','Nguyễn Anh Quân','2023-08-31 11:16:06','8b375f25-d228-4daf-b997-d4adbdd3e6d4'),('1badd612-470d-11ee-b692-d0ca863ea47e','Bánh Trái',20000.0000,'Nguyễn Anh Quân','2023-08-30 15:13:31','Nguyễn Anh Quân','2023-08-30 15:13:31','888a1cfd-dd4f-42cc-855e-6b4a7f583dcd'),('1bae8a30-470d-11ee-b692-d0ca863ea47e','Kimchi',0.0000,'Nguyễn Anh Quân','2023-08-30 15:13:31','Nguyễn Anh Quân','2023-08-30 15:13:31','888a1cfd-dd4f-42cc-855e-6b4a7f583dcd'),('4ab8471a-4642-11ee-af72-671e6291b2c6','Bánh Trái',20000.0000,'Nguyễn Anh Quân','2023-08-29 15:01:43','Nguyễn Anh Quân','2023-08-29 15:01:43','62e99735-92e4-432b-a999-809f17510de2'),('6a5a5859-e950-11ed-8493-107d1a37927d','Kimchi',0.0000,'Nguyễn Anh Quân','2023-05-03 08:18:30','Nguyễn Anh Quân','2023-05-03 08:18:30','b5cf4885-e1f0-4631-9af4-b67bca90129f'),('6a5b635f-e950-11ed-8493-107d1a37927d','Kem',5000.0000,'Nguyễn Anh Quân','2023-05-03 08:18:30','Nguyễn Anh Quân','2023-05-03 08:18:30','b5cf4885-e1f0-4631-9af4-b67bca90129f'),('7ba3bb3e-47a0-11ee-b692-d0ca863ea47e','Tái Chín',10000.0000,'Nguyễn Anh Quân','2023-08-31 08:48:28','Nguyễn Anh Quân','2023-08-31 08:48:28','85f4878a-5654-457e-be13-dd9720044c40'),('7ba4568e-47a0-11ee-b692-d0ca863ea47e','Kem',5000.0000,'Nguyễn Anh Quân','2023-08-31 08:48:28','Nguyễn Anh Quân','2023-08-31 08:48:28','85f4878a-5654-457e-be13-dd9720044c40'),('921b1320-4693-11ee-af72-671e6291b2c6','Kem dâu',15000.0000,'Nguyễn Anh Quân','2023-08-30 00:43:32','Nguyễn Anh Quân','2023-08-30 00:43:32','955b9ac4-45c0-4bb3-ab59-87abf84430e1'),('c07141ba-47cc-11ee-b692-d0ca863ea47e','Oái Oăm',4000000.0000,'Nguyễn Anh Quân','2023-08-31 14:05:22','Nguyễn Anh Quân','2023-08-31 14:05:22','78a4a69d-bc09-438c-a3a2-3490d8387eb7'),('c64aa002-479c-11ee-b692-d0ca863ea47e','Bánh Trái',20000.0000,'Nguyễn Anh Quân','2023-08-31 08:21:56','Nguyễn Anh Quân','2023-08-31 08:21:56','78b905c6-a515-40cf-b02d-15673257b6e8'),('ca12a042-47a4-11ee-b692-d0ca863ea47e','Tái Chín',10000.0000,'Nguyễn Anh Quân','2023-08-31 09:19:18','Nguyễn Anh Quân','2023-08-31 09:19:18','53c1cc51-432e-418a-a6f5-c4c514319c66'),('cb6e130c-479c-11ee-b692-d0ca863ea47e','Bánh Trái',20000.0000,'Nguyễn Anh Quân','2023-08-31 08:22:04','Nguyễn Anh Quân','2023-08-31 08:22:04','e37b1ffe-f8dd-431c-bd27-ea56baba15e4'),('e4998990-463b-11ee-af72-671e6291b2c6','Salad Xịn xò',12.9030,'Nguyễn Anh Quân','2023-08-29 14:15:54','Nguyễn Anh Quân','2023-08-29 14:15:54','f3142dbe-81fd-45ce-8f30-8e1c314b7ef8'),('eee5a980-479c-11ee-b692-d0ca863ea47e','Thêm Nhân Viên Nữ',2000000.0000,'Nguyễn Anh Quân','2023-08-31 08:23:04','Nguyễn Anh Quân','2023-08-31 08:23:04','4c5f6efe-42f3-403b-92fb-e4158d4a14d2');
/*!40000 ALTER TABLE `servicehobby` ENABLE KEYS */;
UNLOCK TABLES;

--
-- Temporary view structure for view `view_getallfood`
--

DROP TABLE IF EXISTS `view_getallfood`;
/*!50001 DROP VIEW IF EXISTS `view_getallfood`*/;
SET @saved_cs_client     = @@character_set_client;
/*!50503 SET character_set_client = utf8mb4 */;
/*!50001 CREATE VIEW `view_getallfood` AS SELECT 
 1 AS `FoodID`,
 1 AS `FoodCode`,
 1 AS `FoodName`,
 1 AS `FoodUnitID`,
 1 AS `FoodUnitName`,
 1 AS `FoodPrice`,
 1 AS `FoodDescription`,
 1 AS `FoodImageID`,
 1 AS `FoodCost`,
 1 AS `MenuGroupID`,
 1 AS `MenuGroupName`,
 1 AS `CookRoomID`,
 1 AS `CookRoomName`,
 1 AS `ShowOnMenu`,
 1 AS `StopSelling`,
 1 AS `CreatedBy`,
 1 AS `CreatedDate`,
 1 AS `ModifiedBy`,
 1 AS `ModifiedDate`*/;
SET character_set_client = @saved_cs_client;

--
-- Final view structure for view `view_getallfood`
--

/*!50001 DROP VIEW IF EXISTS `view_getallfood`*/;
/*!50001 SET @saved_cs_client          = @@character_set_client */;
/*!50001 SET @saved_cs_results         = @@character_set_results */;
/*!50001 SET @saved_col_connection     = @@collation_connection */;
/*!50001 SET character_set_client      = utf8mb3 */;
/*!50001 SET character_set_results     = utf8mb3 */;
/*!50001 SET collation_connection      = utf8mb3_general_ci */;
/*!50001 CREATE ALGORITHM=UNDEFINED */
/*!50013 DEFINER=`root`@`localhost` SQL SECURITY DEFINER */
/*!50001 VIEW `view_getallfood` AS select `f`.`FoodID` AS `FoodID`,`f`.`FoodCode` AS `FoodCode`,`f`.`FoodName` AS `FoodName`,`f`.`FoodUnitID` AS `FoodUnitID`,`f1`.`FoodUnitName` AS `FoodUnitName`,`f`.`FoodPrice` AS `FoodPrice`,`f`.`FoodDescription` AS `FoodDescription`,`f`.`FoodImageID` AS `FoodImageID`,`f`.`FoodCost` AS `FoodCost`,`m`.`MenuGroupID` AS `MenuGroupID`,`m`.`MenuGroupName` AS `MenuGroupName`,`c`.`CookRoomID` AS `CookRoomID`,`c`.`CookRoomName` AS `CookRoomName`,`f`.`ShowOnMenu` AS `ShowOnMenu`,`f`.`StopSelling` AS `StopSelling`,`f`.`CreatedBy` AS `CreatedBy`,`f`.`CreatedDate` AS `CreatedDate`,`f`.`ModifiedBy` AS `ModifiedBy`,`f`.`ModifiedDate` AS `ModifiedDate` from (((`food` `f` left join `menugroup` `m` on((`f`.`MenuGroupID` = `m`.`MenuGroupID`))) left join `foodunit` `f1` on((`f`.`FoodUnitID` = `f1`.`FoodUnitID`))) left join `cookroom` `c` on((`f`.`CookRoomID` = `c`.`CookRoomID`))) */;
/*!50001 SET character_set_client      = @saved_cs_client */;
/*!50001 SET character_set_results     = @saved_cs_results */;
/*!50001 SET collation_connection      = @saved_col_connection */;
/*!40103 SET TIME_ZONE=@OLD_TIME_ZONE */;

/*!40101 SET SQL_MODE=@OLD_SQL_MODE */;
/*!40014 SET FOREIGN_KEY_CHECKS=@OLD_FOREIGN_KEY_CHECKS */;
/*!40014 SET UNIQUE_CHECKS=@OLD_UNIQUE_CHECKS */;
/*!40101 SET CHARACTER_SET_CLIENT=@OLD_CHARACTER_SET_CLIENT */;
/*!40101 SET CHARACTER_SET_RESULTS=@OLD_CHARACTER_SET_RESULTS */;
/*!40101 SET COLLATION_CONNECTION=@OLD_COLLATION_CONNECTION */;
/*!40111 SET SQL_NOTES=@OLD_SQL_NOTES */;

-- Dump completed on 2023-09-01 14:46:08
